monthly_income,monthly_expenses,savings_rate,average_balance,transaction_count,credit_transaction_count,debit_transaction_count,income_stability,expense_ratio,large_transaction_count,negative_balance_count,credit_risk
30374.17,30124.18,0.0082,4771.81,19,2,17,0.3811,0.9918,3,4,High
23496.12,19893.89,0.1533,8160.57,33,3,30,0.5504,0.8467,1,1,Medium
52169.26,18117.16,0.6527,55963.39,22,4,18,0.9442,0.3473,1,0,Low
114378.56,51640.58,0.5485,99189.79,63,3,60,0.8839,0.4515,2,0,Low
137109.17,70843.47,0.4833,316095.28,52,2,50,0.9366,0.5167,1,0,Low
11310.45,12809.84,-0.1326,6215.94,16,2,14,0.409,1.1326,3,5,High
75835.99,26545.79,0.65,234230.89,62,5,57,0.8925,0.35,0,0,Low
11332.61,14416.13,-0.2721,4042.2,27,2,25,0.2831,1.2721,3,2,High
144928.59,75096.13,0.4818,147277.68,53,3,50,0.8057,0.5182,0,0,Low
30184.04,23970.87,0.2058,5005.74,36,1,35,0.4828,0.7942,1,0,Medium
66328.06,57978.76,0.1259,45539.59,41,3,38,0.6383,0.8741,3,0,Medium
115324.08,37608.35,0.6739,82401.08,55,2,53,0.7947,0.3261,0,0,Low
60910.61,20860.57,0.6575,207991.64,61,3,58,0.7594,0.3425,0,0,Low
74390.0,54244.5,0.2708,13685.48,47,2,45,0.5826,0.7292,1,0,Medium
71136.01,23007.0,0.6766,169990.59,33,3,30,0.9246,0.3234,0,0,Low
91222.06,41374.69,0.5464,224133.98,63,4,59,0.8416,0.4536,0,0,Low
66062.49,55739.22,0.1563,23470.86,45,2,43,0.6705,0.8437,2,0,Medium
47130.37,33082.3,0.2981,23053.45,37,1,36,0.5576,0.7019,1,0,Medium
32423.36,28139.56,0.1321,8530.32,21,2,19,0.6394,0.8679,1,0,Medium
122722.49,42279.99,0.6555,173265.49,62,2,60,0.792,0.3445,0,0,Low
100890.06,48901.81,0.5153,82978.98,40,3,37,0.8785,0.4847,0,0,Low
58978.96,43275.58,0.2663,27213.97,16,2,14,0.4963,0.7337,3,0,Medium
23335.55,17072.55,0.2684,13514.01,34,3,31,0.4914,0.7316,2,0,Medium
129122.1,46480.32,0.64,400652.4,57,3,54,0.7755,0.36,1,0,Low
148110.18,71732.65,0.5157,484128.89,34,3,31,0.9743,0.4843,0,0,Low
58959.27,23409.66,0.603,57952.73,35,5,30,0.7643,0.397,0,0,Low
64200.91,52584.13,0.1809,31173.35,27,1,26,0.4466,0.8191,1,0,Medium
60403.71,40812.76,0.3243,29270.17,22,3,19,0.4607,0.6757,1,1,Medium
139821.5,45268.2,0.6762,186491.71,33,3,30,0.8877,0.3238,0,0,Low
38591.66,32509.41,0.1576,6854.57,30,3,27,0.432,0.8424,1,0,Medium
59955.49,34015.97,0.4326,104149.38,56,4,52,0.9543,0.5674,0,0,Low
24757.26,16739.34,0.3239,3766.94,25,3,22,0.7029,0.6761,2,0,Medium
41622.31,34246.59,0.1772,26777.6,28,1,27,0.6302,0.8228,2,0,Medium
65162.35,48082.54,0.2621,14514.77,24,3,21,0.4831,0.7379,1,0,Medium
105402.57,32721.87,0.6896,330114.98,53,5,48,0.9698,0.3104,0,0,Low
56882.47,37890.83,0.3339,20898.2,18,3,15,0.4102,0.6661,4,0,Medium
108487.98,46981.28,0.5669,294548.19,28,2,26,0.95,0.4331,1,0,Low
141425.29,61710.82,0.5637,187135.92,28,3,25,0.9551,0.4363,0,0,Low
99286.95,30211.91,0.6957,148105.14,61,3,58,0.7583,0.3043,0,0,Low
65907.25,44055.24,0.3316,27171.01,26,2,24,0.5259,0.6684,1,0,Medium
24260.44,31587.01,-0.302,970.46,43,2,41,0.1516,1.302,3,2,High
56704.98,19785.22,0.6511,78745.17,23,3,20,0.7929,0.3489,0,0,Low
26018.59,33396.7,-0.2836,3761.8,48,1,47,0.3365,1.2836,4,5,High
77204.29,44366.94,0.4253,117212.41,22,3,19,0.9108,0.5747,1,0,Low
10974.65,10226.21,0.0682,5997.26,24,1,23,0.3545,0.9318,2,3,High
121810.8,61282.38,0.4969,141869.84,57,3,54,0.8483,0.5031,0,0,Low
157332.04,52773.98,0.6646,296277.56,44,5,39,0.9202,0.3354,2,0,Low
62030.0,38413.75,0.3807,89756.59,21,3,18,0.8445,0.6193,0,0,Low
60711.45,31985.92,0.4731,136473.03,61,4,57,0.8465,0.5269,0,0,Low
130890.71,69235.57,0.471,282652.67,40,4,36,0.8491,0.529,1,0,Low
63938.07,50403.55,0.2117,21519.71,30,1,29,0.6607,0.7883,2,0,Medium
39877.72,45440.58,-0.1395,3739.45,15,1,14,0.1003,1.1395,3,2,High
99336.74,31252.09,0.6854,108482.42,61,2,59,0.8536,0.3146,0,0,Low
122040.51,38336.94,0.6859,286445.98,36,4,32,0.8778,0.3141,0,0,Low
41917.53,42726.29,-0.0193,4709.33,29,2,27,0.3031,1.0193,2,2,High
57872.63,23954.15,0.5861,198999.27,51,4,47,0.9506,0.4139,0,0,Low
29258.44,26908.12,0.0803,6810.41,40,2,38,0.4413,0.9197,5,5,High
12700.41,12817.75,-0.0092,230.6,54,1,53,0.1538,1.0092,2,1,High
16195.96,17515.79,-0.0815,3197.07,17,2,15,0.3993,1.0815,2,3,High
92457.66,46852.99,0.4932,232074.3,30,2,28,0.7523,0.5068,0,0,Low
124996.09,37627.55,0.699,304346.74,23,5,18,0.9327,0.301,0,0,Low
73215.15,31085.29,0.5754,110433.52,55,2,53,0.916,0.4246,0,0,Low
135093.61,66995.97,0.5041,277795.11,30,5,25,0.8772,0.4959,0,0,Low
108874.65,59453.83,0.4539,364223.15,29,4,25,0.8069,0.5461,0,0,Low
146887.44,73014.25,0.5029,198633.91,54,3,51,0.9778,0.4971,0,0,Low
13157.93,15219.91,-0.1567,4432.26,43,1,42,0.2874,1.1567,2,1,High
124177.49,39565.67,0.6814,405141.28,53,5,48,0.8763,0.3186,1,0,Low
78481.59,28745.48,0.6337,88410.91,59,4,55,0.9133,0.3663,2,0,Low
45075.86,33404.42,0.2589,23354.69,44,1,43,0.4298,0.7411,1,0,Medium
22800.87,19881.3,0.128,6566.45,24,1,23,0.6473,0.872,2,0,Medium
159938.62,53345.7,0.6665,335231.06,58,5,53,0.9491,0.3335,0,0,Low
86675.3,42105.84,0.5142,214117.46,47,3,44,0.9026,0.4858,0,0,Low
12657.24,12377.31,0.0221,3141.21,12,2,10,0.3857,0.9779,3,4,High
50290.3,15742.54,0.687,155663.06,24,5,19,0.7539,0.313,1,0,Low
117169.18,57059.11,0.513,377664.67,30,5,25,0.9705,0.487,0,0,Low
111605.15,36529.4,0.6727,91563.04,32,2,30,0.9394,0.3273,1,0,Low
144838.49,54820.12,0.6215,165196.1,60,2,58,0.9425,0.3785,0,0,Low
146968.24,56360.26,0.6165,109175.76,38,3,35,0.8652,0.3835,0,0,Low
22982.86,20889.07,0.0911,2496.29,41,1,40,0.4319,0.9089,4,4,High
32799.04,23285.75,0.29,6589.02,16,2,14,0.5466,0.71,2,0,Medium
23830.82,28660.71,-0.2027,4302.3,20,1,19,0.2564,1.2027,6,3,High
120326.07,74299.26,0.3825,179862.53,31,4,27,0.8933,0.6175,0,0,Low
44797.56,33628.9,0.2493,14366.76,31,2,29,0.7277,0.7507,4,0,Medium
50959.71,20776.95,0.5923,54851.05,42,3,39,0.9777,0.4077,0,0,Low
58634.23,46244.76,0.2113,28756.88,29,3,26,0.6716,0.7887,1,0,Medium
19370.01,20581.52,-0.0625,3611.7,44,2,42,0.4338,1.0625,3,4,High
31392.16,41984.13,-0.3374,4287.1,45,1,44,0.2123,1.3374,2,6,High
157968.01,92086.45,0.4171,376317.02,32,3,29,0.7884,0.5829,2,0,Low
25122.43,32498.56,-0.2936,377.94,19,2,17,0.2291,1.2936,6,4,High
40275.33,29303.59,0.2724,12950.6,23,3,20,0.4389,0.7276,2,1,Medium
51514.56,38410.71,0.2544,19880.47,33,3,30,0.6438,0.7456,3,0,Medium
61538.65,26931.34,0.5624,198801.91,45,5,40,0.8422,0.4376,1,0,Low
77127.29,46099.14,0.4023,108638.69,59,2,57,0.9398,0.5977,0,0,Low
128854.95,65552.81,0.4913,395287.33,62,3,59,0.8429,0.5087,0,0,Low
16619.9,17530.35,-0.0548,1130.86,13,1,12,0.2612,1.0548,4,5,High
39220.91,31693.55,0.1919,26626.63,38,1,37,0.6208,0.8081,3,0,Medium
59462.41,51879.2,0.1275,35954.46,26,3,23,0.7267,0.8725,3,0,Medium
26037.21,27769.6,-0.0665,6807.35,30,2,28,0.224,1.0665,4,5,High
104185.62,61224.5,0.4124,301196.24,59,2,57,0.9745,0.5876,0,0,Low
73576.25,39588.64,0.4619,58411.51,41,3,38,0.9254,0.5381,1,0,Low
28196.95,22751.98,0.1931,18960.89,29,2,27,0.6213,0.8069,2,0,Medium
144105.35,86860.5,0.3972,251502.17,29,4,25,0.8981,0.6028,0,0,Low
47831.38,38696.81,0.191,14060.66,32,1,31,0.4666,0.809,4,0,Medium
92288.77,45488.23,0.5071,134619.92,32,3,29,0.7675,0.4929,2,0,Low
69852.01,56597.84,0.1897,14190.6,19,2,17,0.512,0.8103,3,1,Medium
50921.89,35489.24,0.3031,15813.85,40,1,39,0.5689,0.6969,1,1,Medium
35356.5,35130.59,0.0064,4802.07,50,2,48,0.4093,0.9936,2,1,High
40588.9,37438.65,0.0776,2549.03,36,1,35,0.2726,0.9224,6,3,High
20372.33,27291.06,-0.3396,357.74,44,1,43,0.1396,1.3396,6,5,High
38349.51,47801.4,-0.2465,5173.23,26,2,24,0.1943,1.2465,5,3,High
139093.77,65389.63,0.5299,440039.2,60,4,56,0.8635,0.4701,1,0,Low
23120.94,17256.42,0.2536,13334.44,47,3,44,0.5973,0.7464,1,0,Medium
154170.28,65819.58,0.5731,519776.38,41,2,39,0.8613,0.4269,0,0,Low
25420.81,28507.94,-0.1214,2279.96,31,2,29,0.3724,1.1214,3,4,High
56560.93,46923.6,0.1704,33105.39,38,3,35,0.4441,0.8296,4,0,Medium
25493.9,30290.0,-0.1881,226.67,35,1,34,0.3165,1.1881,3,1,High
53197.23,32210.46,0.3945,134756.07,34,5,29,0.9649,0.6055,0,0,Low
116683.24,52712.35,0.5482,194192.94,59,2,57,0.8449,0.4518,1,0,Low
63170.32,53374.87,0.1551,15792.56,17,2,15,0.659,0.8449,3,0,Medium
96285.21,48838.13,0.4928,227647.92,31,4,27,0.7651,0.5072,1,0,Low
69070.26,50063.29,0.2752,44586.82,27,2,25,0.433,0.7248,3,1,Medium
35047.86,46306.68,-0.3212,4874.3,35,1,34,0.4222,1.3212,5,1,High
17236.85,22261.43,-0.2915,5720.5,53,1,52,0.1702,1.2915,6,1,High
38665.37,46029.81,-0.1905,2508.46,13,1,12,0.1452,1.1905,5,6,High
78639.24,27425.08,0.6513,113654.96,48,4,44,0.8596,0.3487,0,0,Low
14900.31,13328.77,0.1055,1742.79,27,1,26,0.1733,0.8945,3,3,High
83900.26,33458.05,0.6012,281208.56,31,2,29,0.7921,0.3988,0,0,Low
56591.38,21613.66,0.6181,154668.07,62,5,57,0.7735,0.3819,2,0,Low
38030.71,32231.05,0.1525,23635.22,48,1,47,0.7191,0.8475,1,1,Medium
26328.37,22710.48,0.1374,8667.37,28,3,25,0.4057,0.8626,3,0,Medium
152691.65,88615.16,0.4196,225633.58,25,5,20,0.7997,0.5804,0,0,Low
41702.8,41865.6,-0.0039,3594.55,38,1,37,0.1837,1.0039,2,3,High
89318.23,45184.02,0.4941,257693.75,54,3,51,0.8401,0.5059,0,0,Low
47014.34,17777.4,0.6219,142286.83,59,2,57,0.757,0.3781,2,0,Low
29770.02,37039.5,-0.2442,817.32,42,1,41,0.4116,1.2442,4,3,High
66885.02,48464.6,0.2754,34918.4,16,1,15,0.6389,0.7246,2,0,Medium
62833.7,45716.52,0.2724,41964.57,38,1,37,0.7413,0.7276,3,0,Medium
141976.98,47023.43,0.6688,321598.56,48,4,44,0.9124,0.3312,0,0,Low
134772.65,65608.31,0.5132,453674.52,29,3,26,0.811,0.4868,0,0,Low
31504.63,37247.83,-0.1823,5659.77,27,1,26,0.1958,1.1823,4,1,High
31357.3,28092.13,0.1041,6113.71,14,1,13,0.22,0.8959,3,1,High
44599.11,34612.19,0.2239,10973.88,41,2,39,0.6323,0.7761,4,0,Medium
140529.18,66659.29,0.5257,163390.15,43,2,41,0.8521,0.4743,0,0,Low
52883.87,44256.87,0.1631,17442.03,15,1,14,0.5712,0.8369,3,0,Medium
38848.95,25330.24,0.348,13992.35,47,1,46,0.5884,0.652,4,0,Medium
23784.85,20269.75,0.1478,6751.76,19,2,17,0.6334,0.8522,1,1,Medium
38981.27,26810.77,0.3122,22637.93,36,3,33,0.6222,0.6878,1,0,Medium
71186.74,47763.62,0.329,21871.79,42,3,39,0.5159,0.671,3,0,Medium
33664.7,25895.01,0.2308,18197.9,17,2,15,0.5112,0.7692,4,0,Medium
68184.94,54869.9,0.1953,40104.66,21,2,19,0.6187,0.8047,2,1,Medium
15949.88,15841.57,0.0068,3507.56,37,1,36,0.2709,0.9932,5,2,High
55189.05,20452.83,0.6294,131075.69,30,2,28,0.9646,0.3706,0,0,Low
53850.11,43623.89,0.1899,18813.94,41,1,40,0.4676,0.8101,2,0,Medium
152664.41,48338.26,0.6834,338247.8,31,5,26,0.9679,0.3166,0,0,Low
18892.52,21143.88,-0.1192,2373.76,34,2,32,0.3999,1.1192,2,3,High
75667.65,40251.71,0.468,238913.91,45,3,42,0.9253,0.532,0,0,Low
127800.92,55434.52,0.5662,121251.47,41,4,37,0.8754,0.4338,2,0,Low
121111.51,57950.73,0.5215,332550.57,49,5,44,0.7638,0.4785,0,0,Low
36900.24,47229.16,-0.2799,5423.83,49,1,48,0.1739,1.2799,4,5,High
45601.41,24785.14,0.4565,36429.68,36,3,33,0.7966,0.5435,2,0,Low
38000.28,39089.74,-0.0287,752.44,12,1,11,0.3121,1.0287,2,2,High
40989.41,46672.77,-0.1387,3261.61,24,1,23,0.1732,1.1387,2,4,High
39170.46,41089.24,-0.049,4388.4,38,1,37,0.1654,1.049,2,5,High
62685.98,23291.39,0.6284,211910.22,37,5,32,0.9645,0.3716,0,0,Low
98123.9,60572.7,0.3827,335397.28,38,4,34,0.9303,0.6173,0,0,Low
48719.04,35284.58,0.2758,14223.97,39,3,36,0.5043,0.7242,2,0,Medium
156907.69,77295.76,0.5074,208181.57,40,2,38,0.8294,0.4926,0,0,Low
38275.65,25188.69,0.3419,12544.07,30,2,28,0.5248,0.6581,2,1,Medium
71978.09,56890.51,0.2096,43851.61,40,3,37,0.6003,0.7904,4,1,Medium
146503.18,52797.74,0.6396,216947.74,38,5,33,0.9447,0.3604,1,0,Low
53970.29,36070.21,0.3317,28372.88,40,2,38,0.6015,0.6683,1,0,Medium
10291.14,9516.11,0.0753,1827.48,17,1,16,0.4109,0.9247,3,3,High
100541.42,34456.91,0.6573,93069.61,58,4,54,0.8642,0.3427,0,0,Low
146115.9,55918.28,0.6173,324851.64,40,2,38,0.8008,0.3827,2,0,Low
68425.64,22523.85,0.6708,77337.57,46,3,43,0.872,0.3292,0,0,Low
41725.18,33471.25,0.1978,9499.7,42,1,41,0.4975,0.8022,1,0,Medium
62698.03,35177.77,0.4389,83290.17,44,2,42,0.9558,0.5611,1,0,Low
34025.29,40373.43,-0.1866,2551.5,15,1,14,0.1109,1.1866,5,6,High
75897.34,23308.0,0.6929,158994.48,22,4,18,0.8208,0.3071,1,0,Low
59577.08,46777.2,0.2148,35825.22,49,1,48,0.5566,0.7852,3,0,Medium
59415.68,45503.4,0.2342,36007.85,30,3,27,0.6171,0.7658,2,0,Medium
48555.13,37957.24,0.2183,10947.97,39,3,36,0.5232,0.7817,2,0,Medium
68017.28,24050.53,0.6464,67526.87,30,2,28,0.9125,0.3536,0,0,Low
36738.29,33434.94,0.0899,1732.77,17,2,15,0.2125,0.9101,5,2,High
113831.13,37610.23,0.6696,199520.94,33,5,28,0.8394,0.3304,0,0,Low
32713.12,36371.22,-0.1118,3690.23,54,2,52,0.438,1.1118,3,2,High
61152.33,39942.34,0.3468,17526.68,19,3,16,0.4866,0.6532,1,0,Medium
72558.65,50666.34,0.3017,42367.71,25,2,23,0.6174,0.6983,1,0,Medium
59458.29,31861.97,0.4641,203873.98,63,2,61,0.9069,0.5359,0,0,Low
51329.15,36373.01,0.2914,28661.78,38,1,37,0.6898,0.7086,1,1,Medium
74723.07,65181.58,0.1277,29321.82,42,3,39,0.6404,0.8723,3,0,Medium
63762.42,54692.03,0.1423,18942.44,22,2,20,0.5109,0.8577,3,1,Medium
156004.36,77105.3,0.5057,229762.86,48,4,44,0.788,0.4943,0,0,Low
69601.76,60215.8,0.1349,47948.09,32,2,30,0.4944,0.8651,3,1,Medium
139663.5,81625.49,0.4156,310697.67,64,2,62,0.8087,0.5844,0,0,Low
144834.12,76584.76,0.4712,329599.13,63,5,58,0.8749,0.5288,0,0,Low
116983.06,65807.25,0.4375,295283.66,62,5,57,0.813,0.5625,0,0,Low
13946.19,14984.43,-0.0744,2519.9,16,1,15,0.3811,1.0744,3,1,High
35457.42,39339.56,-0.1095,1003.08,15,2,13,0.4264,1.1095,2,3,High
119773.13,41758.66,0.6514,104415.69,38,3,35,0.8558,0.3486,0,0,Low
67910.34,51079.6,0.2478,15305.57,17,3,14,0.6856,0.7522,4,1,Medium
34978.33,36948.98,-0.0563,2904.29,50,2,48,0.2327,1.0563,6,2,High
69993.56,58944.07,0.1579,18078.52,25,3,22,0.6058,0.8421,1,0,Medium
28740.94,25691.75,0.1061,5350.94,25,1,24,0.2282,0.8939,6,4,High
43386.56,31527.23,0.2733,18246.67,31,3,28,0.4834,0.7267,3,0,Medium
103950.75,44924.39,0.5678,92887.46,60,3,57,0.7724,0.4322,0,0,Low
25386.75,16935.42,0.3329,5418.79,48,1,47,0.5653,0.6671,3,0,Medium
24064.77,17810.73,0.2599,14230.0,27,1,26,0.5555,0.7401,2,0,Medium
51808.76,37005.57,0.2857,30068.51,18,2,16,0.5395,0.7143,3,0,Medium
32575.89,39059.1,-0.199,2820.95,20,1,19,0.1421,1.199,2,4,High
17670.69,18755.64,-0.0614,1689.37,40,2,38,0.1471,1.0614,6,3,High
35711.68,26064.32,0.2701,20955.62,16,3,13,0.7319,0.7299,1,0,Medium
127776.02,73780.26,0.4226,251853.07,55,5,50,0.8776,0.5774,0,0,Low
29210.98,24604.35,0.1577,6868.45,46,2,44,0.6555,0.8423,3,0,Medium
35481.14,41094.65,-0.1582,6725.5,27,1,26,0.2829,1.1582,6,5,High
134933.23,71082.6,0.4732,108115.12,52,4,48,0.8105,0.5268,0,0,Low
57247.97,44539.67,0.222,19378.55,46,3,43,0.433,0.778,3,1,Medium
59170.61,34023.87,0.425,173925.31,50,4,46,0.8179,0.575,1,0,Low
36246.27,25216.11,0.3043,10358.15,48,1,47,0.5943,0.6957,2,0,Medium
41154.4,34888.76,0.1522,15381.15,18,3,15,0.6669,0.8478,1,0,Medium
12802.39,15126.93,-0.1816,6410.85,30,2,28,0.3029,1.1816,5,5,High
34549.46,46207.72,-0.3374,2072.31,49,1,48,0.221,1.3374,3,3,High
15748.84,18204.29,-0.1559,6710.06,46,1,45,0.129,1.1559,6,6,High
10122.57,10117.89,0.0005,6575.29,44,2,42,0.1396,0.9995,5,3,High
148018.68,59667.66,0.5969,155516.42,46,5,41,0.7762,0.4031,0,0,Low
47670.25,31132.23,0.3469,17893.34,32,3,29,0.4983,0.6531,1,0,Medium
61142.94,40640.05,0.3353,22193.22,24,2,22,0.744,0.6647,2,0,Medium
63955.94,27603.49,0.5684,184019.56,37,5,32,0.9766,0.4316,0,0,Low
153079.28,81825.11,0.4655,176755.94,40,2,38,0.9181,0.5345,0,0,Low
28846.25,19410.51,0.3271,13896.84,26,3,23,0.5648,0.6729,2,0,Medium
132218.88,71571.99,0.4587,99196.93,59,2,57,0.9017,0.5413,0,0,Low
135859.73,41758.83,0.6926,342886.62,47,4,43,0.8895,0.3074,0,0,Low
11862.96,15616.66,-0.3164,4574.34,22,2,20,0.2328,1.3164,4,4,High
73227.02,58176.49,0.2055,48465.55,21,2,19,0.5075,0.7945,1,0,Medium
20624.02,25417.94,-0.2324,1148.66,41,2,39,0.221,1.2324,5,5,High
107391.45,61831.44,0.4242,252670.56,63,3,60,0.8384,0.5758,0,0,Low
48985.37,32118.44,0.3443,18310.44,38,3,35,0.5867,0.6557,4,1,Medium
25699.43,19983.32,0.2224,14424.76,21,1,20,0.4628,0.7776,3,0,Medium
33753.93,42003.03,-0.2444,3547.37,27,2,25,0.4408,1.2444,2,6,High
56192.95,36744.74,0.3461,38110.16,45,3,42,0.4501,0.6539,1,0,Medium
56219.69,32373.31,0.4242,111790.28,58,3,55,0.8168,0.5758,1,0,Low
90896.52,48303.12,0.4686,134975.56,23,3,20,0.7556,0.5314,0,0,Low
157458.58,75252.86,0.5221,252488.27,35,3,32,0.9627,0.4779,2,0,Low
66819.03,53195.36,0.2039,11550.2,45,2,43,0.7238,0.7961,1,0,Medium
49203.21,22193.67,0.5489,112259.84,37,2,35,0.9284,0.4511,0,0,Low
57391.31,48357.6,0.1574,13966.21,34,2,32,0.6727,0.8426,2,0,Medium
29166.52,23489.4,0.1946,10727.46,22,3,19,0.7322,0.8054,3,1,Medium
37155.41,48256.53,-0.2988,3438.56,27,1,26,0.1971,1.2988,5,1,High
111231.33,59411.69,0.4659,117630.6,58,5,53,0.8284,0.5341,2,0,Low
47919.43,16770.31,0.65,129608.75,48,5,43,0.7562,0.35,0,0,Low
48126.72,34936.91,0.2741,10045.99,45,2,43,0.4211,0.7259,1,0,Medium
113576.97,54047.51,0.5241,365820.03,31,3,28,0.8238,0.4759,1,0,Low
124861.8,40743.19,0.6737,405787.68,34,2,32,0.8284,0.3263,0,0,Low
105304.88,46444.09,0.559,191879.87,57,4,53,0.7857,0.441,0,0,Low
42892.1,36247.54,0.1549,18063.6,27,2,25,0.5716,0.8451,3,1,Medium
33050.67,43376.06,-0.3124,2915.48,26,1,25,0.281,1.3124,5,4,High
140321.59,61444.58,0.5621,195945.06,62,5,57,0.9126,0.4379,0,0,Low
48505.98,36124.84,0.2552,30500.06,48,1,47,0.5864,0.7448,1,0,Medium
55078.92,33037.79,0.4002,123963.16,30,4,26,0.8413,0.5998,0,0,Low
15484.75,14344.0,0.0737,4883.75,49,1,48,0.3893,0.9263,3,4,High
71887.44,61851.1,0.1396,11237.04,43,2,41,0.4628,0.8604,4,0,Medium
135671.44,69571.66,0.4872,193847.79,52,3,49,0.9043,0.5128,0,0,Low
20515.34,20947.39,-0.0211,3400.16,49,2,47,0.27,1.0211,3,4,High
57577.35,41009.36,0.2878,11208.95,23,2,21,0.5766,0.7122,1,0,Medium
56607.56,44341.41,0.2167,9182.89,48,3,45,0.7387,0.7833,2,1,Medium
67875.27,53130.03,0.2172,35344.07,40,1,39,0.5186,0.7828,3,0,Medium
26053.44,22847.5,0.1231,7796.52,36,2,34,0.6903,0.8769,3,0,Medium
22545.08,18367.28,0.1853,12139.07,33,2,31,0.4973,0.8147,1,0,Medium
37633.82,39396.43,-0.0468,6306.64,41,2,39,0.4249,1.0468,3,5,High
139850.6,65032.07,0.535,279312.73,42,2,40,0.7586,0.465,0,0,Low
51537.46,35348.94,0.3141,31387.6,28,1,27,0.6943,0.6859,1,0,Medium
38413.66,26751.77,0.3036,24963.29,42,3,39,0.5053,0.6964,1,0,Medium
26507.99,20576.58,0.2238,9516.06,19,3,16,0.4841,0.7762,1,0,Medium
74148.34,63649.8,0.1416,13383.4,21,3,18,0.5602,0.8584,1,1,Medium
120789.09,67241.08,0.4433,120188.66,36,2,34,0.867,0.5567,0,0,Low
150209.4,62855.24,0.5815,111647.43,43,2,41,0.8485,0.4185,2,0,Low
157949.36,73497.55,0.5347,225918.39,20,5,15,0.972,0.4653,0,0,Low
62134.06,29111.03,0.5315,86303.91,55,4,51,0.8407,0.4685,0,0,Low
119487.01,66291.04,0.4452,335909.6,64,3,61,0.8408,0.5548,2,0,Low
155523.09,54055.48,0.6524,289420.31,47,4,43,0.9793,0.3476,0,0,Low
37210.17,36760.33,0.0121,4714.4,15,2,13,0.44,0.9879,2,5,High
24692.54,18709.76,0.2423,15290.13,48,3,45,0.7264,0.7577,1,0,Medium
47652.18,22297.78,0.5321,86708.42,47,5,42,0.8343,0.4679,0,0,Low
40194.95,29164.3,0.2744,19343.46,20,1,19,0.6735,0.7256,3,1,Medium
42943.23,35107.18,0.1825,14609.0,36,2,34,0.5542,0.8175,1,0,Medium
24833.65,32244.14,-0.2984,3240.36,12,2,10,0.4188,1.2984,3,4,High
46884.49,35032.6,0.2528,32706.66,44,1,43,0.7133,0.7472,1,0,Medium
28985.76,24754.42,0.146,8732.36,33,3,30,0.7186,0.854,1,0,Medium
24086.18,15777.04,0.345,13872.85,45,1,44,0.7275,0.655,2,0,Medium
17442.18,20399.33,-0.1695,2878.43,26,2,24,0.3847,1.1695,3,5,High
61900.71,34637.14,0.4404,153555.44,50,5,45,0.8978,0.5596,1,0,Low
34209.23,34496.19,-0.0084,4885.22,38,2,36,0.3938,1.0084,5,1,High
88996.74,37171.69,0.5823,107585.46,26,5,21,0.8264,0.4177,0,0,Low
22205.08,21201.4,0.0452,4412.11,21,1,20,0.3322,0.9548,3,4,High
106707.92,63565.2,0.4043,145242.96,47,4,43,0.8722,0.5957,1,0,Low
33594.9,24357.33,0.275,19011.55,18,1,17,0.6129,0.725,2,0,Medium
61188.64,42793.72,0.3006,31557.85,24,2,22,0.66,0.6994,1,1,Medium
11165.61,14573.02,-0.3052,605.81,28,2,26,0.359,1.3052,3,3,High
59980.13,43934.98,0.2675,17831.25,39,1,38,0.7004,0.7325,3,0,Medium
33008.73,37028.83,-0.1218,4990.48,12,1,11,0.2136,1.1218,3,3,High
68361.41,56029.65,0.1804,19760.59,32,1,31,0.495,0.8196,1,0,Medium
33197.8,31289.74,0.0575,3676.4,34,1,33,0.161,0.9425,5,1,High
51564.99,24234.22,0.53,171324.46,48,2,46,0.7781,0.47,0,0,Low
22443.25,20464.0,0.0882,5628.08,18,2,16,0.1695,0.9118,3,4,High
22883.82,15899.63,0.3052,13633.21,42,3,39,0.5302,0.6948,2,0,Medium
61778.84,50762.23,0.1783,14211.27,33,1,32,0.4816,0.8217,3,0,Medium
13020.72,12341.36,0.0522,2959.59,15,1,14,0.2002,0.9478,4,5,High
142421.46,58901.2,0.5864,481248.17,50,5,45,0.861,0.4136,0,0,Low
54577.71,17974.91,0.6707,130267.96,40,5,35,0.9676,0.3293,1,0,Low
68487.76,52837.18,0.2285,27874.08,19,3,16,0.5525,0.7715,1,0,Medium
135140.74,61338.93,0.5461,110019.63,61,3,58,0.7688,0.4539,0,0,Low
133696.09,43276.66,0.6763,227778.57,60,5,55,0.9485,0.3237,0,0,Low
42437.52,36722.94,0.1347,19016.02,33,1,32,0.4772,0.8653,3,0,Medium
30594.44,28750.07,0.0603,3110.09,42,2,40,0.1131,0.9397,4,1,High
131042.07,62703.66,0.5215,157992.82,51,4,47,0.8236,0.4785,1,0,Low
108149.99,54320.36,0.4977,250444.43,51,3,48,0.7514,0.5023,0,0,Low
24795.43,20874.22,0.1581,5328.16,21,1,20,0.6954,0.8419,1,0,Medium
33620.82,32847.67,0.023,4057.09,43,2,41,0.4016,0.977,6,3,High
39392.48,26092.31,0.3376,20411.07,25,2,23,0.4852,0.6624,1,0,Medium
37415.36,49548.55,-0.3243,2418.03,15,1,14,0.2418,1.3243,5,2,High
33124.57,23518.82,0.29,22633.65,47,3,44,0.6449,0.71,3,0,Medium
28218.71,30082.71,-0.0661,5324.6,24,2,22,0.3075,1.0661,6,4,High
36359.96,25325.39,0.3035,11729.9,16,2,14,0.704,0.6965,3,0,Medium
63391.08,47010.35,0.2584,24985.41,37,1,36,0.4028,0.7416,4,0,Medium
26429.9,31432.53,-0.1893,6238.84,52,2,50,0.4154,1.1893,4,4,High
62310.51,42715.92,0.3145,26045.54,32,3,29,0.6089,0.6855,4,0,Medium
67243.69,54925.72,0.1832,23415.38,38,2,36,0.5043,0.8168,1,1,Medium
103202.37,38640.66,0.6256,95348.99,31,5,26,0.7781,0.3744,0,0,Low
23526.48,23112.5,0.0176,2209.34,49,1,48,0.3282,0.9824,4,2,High
82608.81,42430.36,0.4864,244684.71,37,2,35,0.9335,0.5136,0,0,Low
124641.23,42754.34,0.657,191736.56,35,5,30,0.935,0.343,0,0,Low
152933.56,45918.18,0.6998,531932.35,52,5,47,0.8907,0.3002,0,0,Low
95617.54,32419.34,0.6609,199505.55,54,3,51,0.8399,0.3391,0,0,Low
109475.91,53984.33,0.5069,283992.58,37,4,33,0.8121,0.4931,1,0,Low
24723.28,24203.74,0.021,1551.57,12,1,11,0.2822,0.979,4,5,High
90171.28,51699.8,0.4266,258309.11,55,4,51,0.8034,0.5734,0,0,Low
30473.63,24652.76,0.191,7379.54,31,1,30,0.6904,0.809,2,0,Medium
93115.98,34000.84,0.6349,284307.91,49,2,47,0.9172,0.3651,1,0,Low
32068.43,32986.88,-0.0286,4419.29,23,1,22,0.2642,1.0286,6,3,High
143711.26,58103.45,0.5957,189221.02,45,4,41,0.9362,0.4043,0,0,Low
29547.52,38139.4,-0.2908,206.59,33,2,31,0.236,1.2908,3,3,High
110935.17,56668.35,0.4892,156025.92,56,4,52,0.8623,0.5108,1,0,Low
53412.89,44853.91,0.1602,33227.18,48,2,46,0.725,0.8398,2,0,Medium
31310.62,24047.61,0.232,17016.06,33,1,32,0.4705,0.768,1,0,Medium
40070.8,34499.83,0.139,14971.45,20,1,19,0.5027,0.861,2,0,Medium
135208.4,56873.44,0.5794,303620.31,62,2,60,0.8011,0.4206,0,0,Low
25312.87,18709.18,0.2609,11919.37,42,2,40,0.6222,0.7391,1,0,Medium
22303.08,16886.56,0.2429,10351.74,30,1,29,0.5113,0.7571,4,1,Medium
25986.13,28369.41,-0.0917,4316.06,17,2,15,0.1918,1.0917,6,5,High
135908.63,46201.14,0.6601,397368.26,39,2,37,0.9517,0.3399,2,0,Low
139151.31,68605.8,0.507,228797.59,51,4,47,0.9277,0.493,0,0,Low
92395.06,43968.69,0.5241,279540.92,27,5,22,0.8476,0.4759,0,0,Low
122295.59,66494.35,0.4563,166980.58,57,5,52,0.8582,0.5437,2,0,Low
96945.13,41411.28,0.5728,93216.85,24,4,20,0.795,0.4272,0,0,Low
56822.62,48675.89,0.1434,21009.33,39,1,38,0.429,0.8566,1,0,Medium
49465.99,19640.22,0.603,109014.68,56,2,54,0.9404,0.397,0,0,Low
94410.53,54689.54,0.4207,288652.09,56,5,51,0.9346,0.5793,0,0,Low
119280.48,57570.61,0.5174,202427.43,64,3,61,0.8893,0.4826,0,0,Low
49239.64,39821.49,0.1913,30065.59,39,2,37,0.5841,0.8087,2,0,Medium
137794.99,56608.58,0.5892,275739.72,56,4,52,0.7611,0.4108,2,0,Low
25641.82,18846.79,0.265,10393.43,25,2,23,0.5225,0.735,4,0,Medium
145260.77,63736.03,0.5612,119441.05,63,3,60,0.7548,0.4388,0,0,Low
71704.46,42152.46,0.4121,127267.92,33,2,31,0.9585,0.5879,0,0,Low
23827.72,31801.23,-0.3346,3220.28,34,1,33,0.4376,1.3346,6,6,High
13346.01,17286.58,-0.2953,3739.72,52,2,50,0.3998,1.2953,2,1,High
15722.91,20516.54,-0.3049,2840.59,27,2,25,0.3235,1.3049,5,1,High
149384.78,73109.57,0.5106,251057.71,50,4,46,0.9287,0.4894,0,0,Low
40912.69,38870.81,0.0499,2665.67,36,1,35,0.1776,0.9501,2,5,High
29449.0,21082.21,0.2841,12808.62,22,1,21,0.6928,0.7159,3,1,Medium
34379.07,22885.56,0.3343,8695.1,49,2,47,0.5319,0.6657,3,1,Medium
71842.22,46958.9,0.3464,31432.27,27,1,26,0.5724,0.6536,2,1,Medium
19537.84,21186.21,-0.0844,2158.53,28,1,27,0.1573,1.0844,5,5,High
37739.37,44459.97,-0.1781,4716.47,24,2,22,0.431,1.1781,2,5,High
28872.99,20470.56,0.291,9973.48,27,1,26,0.4595,0.709,3,0,Medium
65762.68,47067.19,0.2843,43397.98,22,3,19,0.5999,0.7157,1,0,Medium
59904.07,30931.75,0.4836,200268.34,28,2,26,0.8593,0.5164,0,0,Low
27581.72,32873.06,-0.1918,2737.44,20,1,19,0.3527,1.1918,3,6,High
108056.87,36842.66,0.659,342538.08,40,3,37,0.9404,0.341,1,0,Low
24933.86,22795.7,0.0858,359.21,22,2,20,0.2883,0.9142,6,2,High
89140.79,43054.92,0.517,209102.38,29,3,26,0.788,0.483,1,0,Low
33532.16,22827.65,0.3192,22611.37,17,1,16,0.4697,0.6808,1,0,Medium
14171.25,17801.81,-0.2562,2823.95,27,1,26,0.3342,1.2562,4,3,High
51570.15,40455.43,0.2155,11526.33,40,3,37,0.6308,0.7845,3,0,Medium
58221.76,45794.18,0.2135,32904.32,18,3,15,0.7248,0.7865,1,0,Medium
50337.03,42661.39,0.1525,16572.7,20,3,17,0.4002,0.8475,1,0,Medium
21820.52,21021.63,0.0366,6210.36,25,1,24,0.4088,0.9634,5,5,High
88384.79,27617.44,0.6875,214873.24,42,2,40,0.9008,0.3125,0,0,Low
57158.21,38707.04,0.3228,21195.62,33,2,31,0.4772,0.6772,1,1,Medium
149704.2,59185.11,0.6047,324272.22,36,2,34,0.9332,0.3953,0,0,Low
62405.14,42628.42,0.3169,9656.6,46,2,44,0.5524,0.6831,2,0,Medium
40645.67,33540.21,0.1748,17432.74,45,3,42,0.7448,0.8252,3,0,Medium
86443.45,27828.02,0.6781,245225.79,33,5,28,0.9504,0.3219,1,0,Low
36662.13,39826.94,-0.0863,4576.27,38,1,37,0.3427,1.0863,3,4,High
65342.02,27696.21,0.5761,222078.08,21,3,18,0.8607,0.4239,0,0,Low
54512.28,32592.02,0.4021,164343.67,62,4,58,0.8799,0.5979,1,0,Low
33197.21,43209.17,-0.3016,911.15,30,2,28,0.1733,1.3016,4,2,High
145882.54,84717.46,0.4193,237079.9,41,2,39,0.9775,0.5807,0,0,Low
122641.11,41345.66,0.6629,100371.55,48,2,46,0.9639,0.3371,1,0,Low
53762.86,41298.09,0.2318,16585.92,20,3,17,0.5,0.7682,3,0,Medium
53649.23,42943.56,0.1995,34282.95,36,2,34,0.4548,0.8005,2,0,Medium
129461.05,54761.2,0.577,99755.12,54,5,49,0.9334,0.423,0,0,Low
41479.42,55247.63,-0.3319,2311.36,33,2,31,0.3138,1.3319,4,6,High
147865.19,91273.06,0.3827,128975.07,64,5,59,0.8687,0.6173,2,0,Low
10174.2,9219.66,0.0938,6391.57,37,2,35,0.2577,0.9062,3,3,High
126579.04,76407.0,0.3964,99741.89,22,4,18,0.826,0.6036,2,0,Low
128133.05,72097.35,0.4373,347455.88,30,5,25,0.8596,0.5627,1,0,Low
95431.93,35302.48,0.6301,172830.19,60,2,58,0.9378,0.3699,0,0,Low
90559.86,47322.01,0.4775,161917.65,44,2,42,0.8046,0.5225,0,0,Low
33640.65,21868.18,0.3499,21975.78,36,2,34,0.6878,0.6501,3,0,Medium
69714.0,58016.27,0.1678,36390.61,34,2,32,0.6034,0.8322,1,0,Medium
73471.0,57256.2,0.2207,39903.15,27,3,24,0.5462,0.7793,1,0,Medium
57588.39,45807.24,0.2046,14941.06,33,2,31,0.6104,0.7954,4,0,Medium
47291.6,39365.74,0.1676,32616.21,17,3,14,0.4369,0.8324,3,0,Medium
155126.91,55240.22,0.6439,408296.15,35,3,32,0.7722,0.3561,0,0,Low
107184.48,46890.07,0.5625,167715.45,35,3,32,0.7773,0.4375,2,0,Low
60921.38,42525.02,0.302,11100.54,15,3,12,0.6083,0.698,3,0,Medium
143575.61,84704.71,0.41,211821.78,59,3,56,0.7824,0.59,0,0,Low
28081.94,21420.73,0.2372,6830.29,34,2,32,0.6161,0.7628,1,0,Medium
74221.1,51077.85,0.3118,15804.44,37,3,34,0.5142,0.6882,1,0,Medium
142436.24,83854.44,0.4113,449613.63,39,5,34,0.7563,0.5887,1,0,Low
110701.68,56665.51,0.4881,246043.44,32,2,30,0.9188,0.5119,0,0,Low
113469.28,36476.34,0.6785,317701.42,38,3,35,0.7972,0.3215,0,0,Low
25699.63,32906.66,-0.2804,4971.8,20,2,18,0.1902,1.2804,5,3,High
63608.39,44208.71,0.305,38237.5,31,2,29,0.4161,0.695,4,0,Medium
60674.73,52559.53,0.1337,29250.58,34,1,33,0.6879,0.8663,1,0,Medium
112120.45,36425.14,0.6751,384383.16,46,3,43,0.7574,0.3249,0,0,Low
65966.99,44907.03,0.3192,43832.89,27,3,24,0.7295,0.6808,2,0,Medium
59227.48,42577.17,0.2811,17642.17,16,2,14,0.7003,0.7189,2,1,Medium
38821.61,27201.27,0.2993,16825.98,26,2,24,0.4056,0.7007,4,0,Medium
129549.85,47532.22,0.6331,287089.51,61,4,57,0.8026,0.3669,0,0,Low
57909.18,42610.63,0.2642,38679.31,35,1,34,0.419,0.7358,2,1,Medium
130682.42,41499.83,0.6824,258019.68,61,4,57,0.7585,0.3176,0,0,Low
66301.27,39361.79,0.4063,125221.67,26,3,23,0.8766,0.5937,0,0,Low
87313.19,35328.5,0.5954,97518.92,25,5,20,0.8655,0.4046,0,0,Low
148232.59,76457.13,0.4842,160624.44,30,2,28,0.8713,0.5158,0,0,Low
146179.52,68432.36,0.5319,202334.65,47,5,42,0.7701,0.4681,1,0,Low
74381.73,44846.54,0.3971,168735.73,47,3,44,0.8783,0.6029,0,0,Low
60311.68,20064.96,0.6673,153453.29,60,2,58,0.936,0.3327,0,0,Low
27907.74,28424.0,-0.0185,2507.21,48,1,47,0.1723,1.0185,2,4,High
48657.54,23140.99,0.5244,106870.73,31,3,28,0.9557,0.4756,0,0,Low
68411.51,20744.35,0.6968,131688.7,41,4,37,0.794,0.3032,0,0,Low
35779.47,32802.85,0.0832,6456.02,44,1,43,0.2999,0.9168,5,5,High
22810.56,26071.17,-0.1429,4375.12,32,1,31,0.3927,1.1429,2,2,High
66386.04,46812.69,0.2948,17076.29,46,2,44,0.6019,0.7052,1,0,Medium
30720.63,41033.99,-0.3357,5026.31,45,2,43,0.281,1.3357,5,5,High
33461.28,23355.15,0.302,10473.9,43,1,42,0.4939,0.698,1,0,Medium
74117.06,52294.65,0.2944,38889.6,45,3,42,0.6126,0.7056,1,0,Medium
24115.89,18166.22,0.2467,11278.69,32,2,30,0.5226,0.7533,2,1,Medium
62280.29,44959.99,0.2781,23409.63,37,3,34,0.7418,0.7219,2,1,Medium
103104.02,58198.76,0.4355,164568.34,38,2,36,0.7623,0.5645,2,0,Low
67147.83,56266.79,0.162,10576.72,15,3,12,0.4101,0.838,1,0,Medium
67344.21,50252.72,0.2538,21562.07,20,1,19,0.7141,0.7462,1,0,Medium
43086.88,36207.51,0.1597,10508.44,35,2,33,0.4716,0.8403,1,0,Medium
29805.93,30405.84,-0.0201,6274.6,22,1,21,0.222,1.0201,6,6,High
24062.89,26909.74,-0.1183,2885.16,44,2,42,0.2473,1.1183,6,3,High
130493.74,64701.53,0.5042,130050.84,42,2,40,0.7716,0.4958,0,0,Low
118365.49,45239.63,0.6178,292320.55,44,3,41,0.8131,0.3822,0,0,Low
21398.21,25905.22,-0.2106,3964.8,48,1,47,0.2471,1.2106,5,1,High
35670.5,37469.37,-0.0504,4887.75,25,2,23,0.3029,1.0504,2,2,High
102299.4,33212.39,0.6753,88380.81,64,5,59,0.9305,0.3247,1,0,Low
58695.02,41716.56,0.2893,39119.51,44,1,43,0.5136,0.7107,1,0,Medium
113185.62,54941.74,0.5146,289227.68,58,3,55,0.9,0.4854,0,0,Low
156782.9,58498.17,0.6269,538841.82,22,4,18,0.7812,0.3731,0,0,Low
57258.2,29230.91,0.4895,200309.7,25,4,21,0.9748,0.5105,0,0,Low
67144.89,44456.1,0.3379,13927.76,26,1,25,0.7203,0.6621,1,0,Medium
70022.61,45710.49,0.3472,36461.54,47,1,46,0.4069,0.6528,1,0,Medium
67656.62,57453.2,0.1508,10517.28,48,2,46,0.4132,0.8492,3,0,Medium
129303.2,64278.6,0.5029,158586.4,60,5,55,0.9303,0.4971,0,0,Low
38611.19,50701.92,-0.3131,480.58,49,2,47,0.1132,1.3131,4,4,High
27737.62,31412.53,-0.1325,5166.17,21,1,20,0.4108,1.1325,3,1,High
73760.73,54343.69,0.2632,43593.49,17,1,16,0.7043,0.7368,1,1,Medium
28004.97,34743.15,-0.2406,5023.89,44,2,42,0.2991,1.2406,6,1,High
19684.49,23516.89,-0.1947,1192.15,20,2,18,0.1449,1.1947,5,6,High
117812.41,71211.6,0.3956,280925.23,40,3,37,0.8865,0.6044,1,0,Low
49412.1,41757.26,0.1549,26032.57,44,3,41,0.4705,0.8451,1,0,Medium
71739.55,57550.11,0.1978,13791.33,33,3,30,0.5411,0.8022,3,1,Medium
104032.51,38974.01,0.6254,242151.81,64,2,62,0.9525,0.3746,0,0,Low
69050.04,33522.96,0.5145,114372.9,42,4,38,0.8845,0.4855,0,0,Low
36681.66,31615.95,0.1381,17268.07,22,3,19,0.4182,0.8619,1,0,Medium
46057.66,15312.83,0.6675,117806.51,48,3,45,0.787,0.3325,0,0,Low
47751.94,37253.48,0.2199,31240.07,38,2,36,0.6052,0.7801,2,0,Medium
48580.45,34333.33,0.2933,19870.77,23,2,21,0.6266,0.7067,1,0,Medium
120798.08,40448.74,0.6652,299858.07,45,3,42,0.881,0.3348,0,0,Low
85740.79,51761.96,0.3963,291044.43,25,3,22,0.9636,0.6037,1,0,Low
113173.38,58583.32,0.4824,152367.78,22,3,19,0.904,0.5176,2,0,Low
143914.08,79088.31,0.4504,116704.63,41,4,37,0.7741,0.5496,0,0,Low
71244.67,52655.81,0.2609,13279.35,22,1,21,0.499,0.7391,2,0,Medium
49841.87,33154.45,0.3348,34137.32,17,2,15,0.6316,0.6652,3,0,Medium
27233.07,18175.41,0.3326,9500.2,43,1,42,0.4235,0.6674,2,0,Medium
56985.85,24107.5,0.577,117702.44,41,5,36,0.9686,0.423,0,0,Low
55481.29,42682.42,0.2307,9883.49,25,1,24,0.5722,0.7693,1,0,Medium
74093.87,38716.39,0.4775,67515.57,60,2,58,0.91,0.5225,0,0,Low
131201.5,55859.91,0.5742,396446.31,32,2,30,0.8578,0.4258,0,0,Low
52790.37,46342.35,0.1221,29889.99,16,2,14,0.4485,0.8779,2,0,Medium
92913.49,45153.36,0.514,304170.37,29,5,24,0.9516,0.486,0,0,Low
76688.01,38271.36,0.5009,266785.21,48,5,43,0.882,0.4991,0,0,Low
14271.0,17991.38,-0.2607,6929.18,52,2,50,0.1599,1.2607,5,5,High
58023.95,38472.0,0.337,9810.11,33,3,30,0.681,0.663,1,1,Medium
25380.74,29031.53,-0.1438,4459.25,15,2,13,0.2389,1.1438,6,5,High
26591.78,27976.2,-0.0521,1715.0,18,2,16,0.194,1.0521,2,3,High
37859.3,28360.3,0.2509,12179.55,17,3,14,0.6787,0.7491,3,1,Medium
129988.05,48283.32,0.6286,324607.19,31,5,26,0.8807,0.3714,0,0,Low
30266.99,23004.55,0.2399,17533.84,38,3,35,0.4011,0.7601,1,1,Medium
32591.69,32517.76,0.0023,1960.48,47,1,46,0.3974,0.9977,2,6,High
32253.14,40952.16,-0.2697,486.42,50,1,49,0.2874,1.2697,2,4,High
71125.65,40388.92,0.4321,105406.29,22,5,17,0.9493,0.5679,0,0,Low
48599.77,25952.59,0.466,157787.34,56,4,52,0.9718,0.534,1,0,Low
97900.28,32347.91,0.6696,295158.65,55,3,52,0.928,0.3304,0,0,Low
24668.52,16333.92,0.3379,13089.27,36,1,35,0.6149,0.6621,1,0,Medium
52480.93,31679.77,0.3964,178633.01,28,3,25,0.7725,0.6036,0,0,Low
112643.26,51130.05,0.5461,281440.48,43,2,41,0.8834,0.4539,0,0,Low
32721.58,24179.37,0.2611,5828.78,27,1,26,0.5692,0.7389,1,1,Medium
117058.14,69818.44,0.4036,88206.24,51,3,48,0.9082,0.5964,1,0,Low
31733.07,42619.96,-0.3431,298.97,43,2,41,0.1444,1.3431,3,1,High
38142.81,41141.25,-0.0786,3425.76,27,2,25,0.1974,1.0786,3,3,High
13237.24,11850.15,0.1048,3885.58,26,2,24,0.2535,0.8952,5,5,High
113263.13,58592.46,0.4827,329559.41,64,3,61,0.77,0.5173,0,0,Low
67006.49,49811.46,0.2566,10555.81,49,2,47,0.405,0.7434,3,0,Medium
28916.57,22556.27,0.22,11371.11,24,2,22,0.6535,0.78,2,0,Medium
152714.54,47729.34,0.6875,285614.19,55,3,52,0.8474,0.3125,0,0,Low
74878.52,40680.96,0.4567,81161.36,58,2,56,0.7995,0.5433,0,0,Low
19387.16,21630.63,-0.1157,3126.42,30,1,29,0.2471,1.1157,3,1,High
139050.93,47064.14,0.6615,309328.47,44,2,42,0.8247,0.3385,0,0,Low
72258.2,27103.74,0.6249,229375.51,33,5,28,0.8695,0.3751,0,0,Low
142534.73,48360.41,0.6607,449560.73,48,5,43,0.9119,0.3393,2,0,Low
39640.96,52815.65,-0.3324,1407.48,16,2,14,0.155,1.3324,4,1,High
149375.27,78943.4,0.4715,358819.49,52,2,50,0.9152,0.5285,2,0,Low
121497.68,56785.7,0.5326,207120.18,64,3,61,0.8403,0.4674,1,0,Low
25397.02,19990.32,0.2129,14140.29,48,3,45,0.4106,0.7871,3,0,Medium
119359.68,42483.39,0.6441,204124.51,61,5,56,0.9271,0.3559,0,0,Low
21066.51,22216.89,-0.0546,158.32,19,2,17,0.1112,1.0546,2,3,High
104895.94,63732.16,0.3924,321474.04,64,3,61,0.8741,0.6076,0,0,Low
95254.53,46668.96,0.5101,86169.95,37,3,34,0.7533,0.4899,1,0,Low
67057.03,48046.67,0.2835,45179.21,49,3,46,0.4525,0.7165,2,0,Medium
69019.37,41149.62,0.4038,128349.84,25,4,21,0.7838,0.5962,0,0,Low
34451.06,34588.65,-0.004,350.75,17,2,15,0.355,1.004,2,5,High
94608.77,50155.06,0.4699,215453.41,40,4,36,0.8251,0.5301,1,0,Low
18619.51,23429.03,-0.2583,3231.69,53,1,52,0.2114,1.2583,6,5,High
153607.12,53016.91,0.6549,282314.29,37,4,33,0.8956,0.3451,1,0,Low
69453.34,55790.93,0.1967,40495.66,35,2,33,0.6206,0.8033,1,0,Medium
24687.03,24679.04,0.0003,6598.53,31,1,30,0.1368,0.9997,3,2,High
68025.77,50148.56,0.2628,24102.71,42,1,41,0.6216,0.7372,2,0,Medium
146635.38,87523.83,0.4031,511133.08,61,4,57,0.9244,0.5969,0,0,Low
13002.3,14637.84,-0.1258,3992.94,24,2,22,0.3562,1.1258,4,2,High
36171.22,37953.83,-0.0493,5673.4,30,2,28,0.2666,1.0493,5,6,High
40821.98,26959.13,0.3396,11015.8,37,3,34,0.726,0.6604,3,0,Medium
23063.6,23502.11,-0.019,5144.61,30,2,28,0.3082,1.019,3,5,High
131866.56,57500.4,0.564,169084.14,23,3,20,0.7572,0.436,1,0,Low
39606.9,28420.66,0.2824,6845.04,42,3,39,0.614,0.7176,2,0,Medium
29451.37,22020.8,0.2523,9953.44,16,2,14,0.5635,0.7477,2,0,Medium
58828.43,18935.05,0.6781,84553.17,28,5,23,0.8804,0.3219,0,0,Low
71152.09,30543.67,0.5707,157895.62,58,3,55,0.8762,0.4293,0,0,Low
49960.87,34446.38,0.3105,12095.67,21,1,20,0.4116,0.6895,1,0,Medium
66538.45,43517.78,0.346,11774.15,45,2,43,0.7494,0.654,2,0,Medium
95877.14,54285.27,0.4338,246872.84,63,4,59,0.8972,0.5662,0,0,Low
24770.79,20958.19,0.1539,6415.83,21,2,19,0.6873,0.8461,2,0,Medium
24979.34,20531.26,0.1781,15436.46,34,1,33,0.4067,0.8219,2,0,Medium
23275.1,28559.77,-0.2271,4832.55,34,1,33,0.1875,1.2271,3,4,High
40562.02,47499.19,-0.171,108.75,32,2,30,0.2826,1.171,3,3,High
59801.5,44188.68,0.2611,30759.87,42,2,40,0.6625,0.7389,4,0,Medium
38118.56,30222.47,0.2071,12045.09,36,1,35,0.5535,0.7929,1,0,Medium
22320.49,16992.32,0.2387,4861.09,23,1,22,0.439,0.7613,2,0,Medium
30673.5,29424.51,0.0407,6535.27,36,1,35,0.3553,0.9593,2,6,High
32826.3,39172.76,-0.1933,4410.43,43,2,41,0.2323,1.1933,2,5,High
72503.26,34064.64,0.5302,182902.56,30,4,26,0.8791,0.4698,1,0,Low
62325.12,43202.29,0.3068,12378.5,34,1,33,0.5513,0.6932,1,0,Medium
12512.32,16208.19,-0.2954,637.37,27,2,25,0.422,1.2954,5,5,High
152395.63,61136.55,0.5988,323117.97,33,5,28,0.7841,0.4012,2,0,Low
16118.74,16664.53,-0.0339,3453.7,52,2,50,0.2848,1.0339,6,4,High
73416.87,25773.31,0.6489,230601.95,38,4,34,0.8581,0.3511,1,0,Low
90370.01,30198.22,0.6658,148193.09,47,5,42,0.8567,0.3342,0,0,Low
61113.02,35317.81,0.4221,126186.6,42,5,37,0.7919,0.5779,0,0,Low
64845.5,54433.48,0.1606,23443.99,45,1,44,0.4715,0.8394,1,0,Medium
61557.23,44423.49,0.2783,37864.43,19,3,16,0.4192,0.7217,1,0,Medium
41038.06,34448.05,0.1606,24679.59,49,1,48,0.6779,0.8394,1,0,Medium
150783.4,61946.45,0.5892,252029.77,53,4,49,0.854,0.4108,0,0,Low
41920.18,35159.51,0.1613,6452.7,46,2,44,0.5152,0.8387,1,0,Medium
131644.21,71885.02,0.4539,334891.48,20,5,15,0.911,0.5461,0,0,Low
12732.88,13966.82,-0.0969,5318.86,14,1,13,0.2731,1.0969,4,3,High
63676.96,50649.28,0.2046,22633.09,30,1,29,0.5115,0.7954,4,0,Medium
57368.59,38946.61,0.3211,32760.27,40,2,38,0.5132,0.6789,3,0,Medium
43665.19,37662.37,0.1375,9236.69,43,1,42,0.6753,0.8625,4,0,Medium
70199.76,48699.66,0.3063,42238.33,43,2,41,0.4272,0.6937,4,0,Medium
93313.65,55028.48,0.4103,258579.57,37,3,34,0.8912,0.5897,0,0,Low
45771.69,19383.39,0.5765,133507.65,30,2,28,0.7733,0.4235,1,0,Low
88072.11,53215.69,0.3958,242161.59,40,4,36,0.8525,0.6042,0,0,Low
106101.4,60287.74,0.4318,159026.15,31,4,27,0.8116,0.5682,1,0,Low
14626.55,17695.48,-0.2098,1080.77,24,1,23,0.2939,1.2098,4,1,High
84714.32,34512.22,0.5926,291406.37,22,2,20,0.9113,0.4074,1,0,Low
47180.74,34856.74,0.2612,32162.56,36,1,35,0.4291,0.7388,3,0,Medium
23945.79,18179.57,0.2408,8021.31,20,1,19,0.6182,0.7592,1,0,Medium
79075.43,29633.87,0.6252,64672.71,20,2,18,0.9772,0.3748,0,0,Low
129194.1,53436.38,0.5864,343045.38,62,2,60,0.9692,0.4136,2,0,Low
136688.97,47564.15,0.652,183423.46,31,2,29,0.9156,0.348,0,0,Low
32979.26,38172.46,-0.1575,6639.61,54,2,52,0.3102,1.1575,5,3,High
58815.97,41189.09,0.2997,28079.73,36,2,34,0.6317,0.7003,3,0,Medium
135236.85,68239.92,0.4954,399506.57,58,3,55,0.892,0.5046,2,0,Low
28464.65,28229.19,0.0083,1956.93,24,1,23,0.1155,0.9917,4,5,High
45584.45,23823.73,0.4774,38135.68,37,3,34,0.9713,0.5226,0,0,Low
16663.42,16750.44,-0.0052,5660.75,50,2,48,0.167,1.0052,4,5,High
22403.99,23270.34,-0.0387,6552.59,16,2,14,0.2366,1.0387,4,3,High
74399.17,29511.13,0.6033,204559.24,55,5,50,0.9044,0.3967,1,0,Low
107780.31,56678.01,0.4741,367770.73,28,3,25,0.9425,0.5259,1,0,Low
141473.28,48085.64,0.6601,463799.96,59,4,55,0.8418,0.3399,0,0,Low
75973.1,35909.29,0.5273,208033.5,21,2,19,0.9076,0.4727,0,0,Low
27196.13,34722.97,-0.2768,330.64,25,1,24,0.183,1.2768,3,5,High
116808.93,53525.82,0.5418,402143.04,24,4,20,0.9168,0.4582,0,0,Low
14046.86,17945.91,-0.2776,2599.05,26,1,25,0.1393,1.2776,3,6,High
65618.14,56728.42,0.1355,29484.83,17,2,15,0.5798,0.8645,1,1,Medium
28534.04,21950.36,0.2307,8138.37,37,3,34,0.6418,0.7693,3,0,Medium
37779.14,48938.17,-0.2954,2516.29,35,2,33,0.209,1.2954,4,3,High
26467.97,22118.05,0.1643,16508.76,18,1,17,0.5795,0.8357,2,1,Medium
67521.69,39637.03,0.413,145612.79,39,3,36,0.9325,0.587,0,0,Low
34611.45,45163.73,-0.3049,3179.85,32,1,31,0.4306,1.3049,4,1,High
80978.31,27416.6,0.6614,222436.59,27,3,24,0.847,0.3386,1,0,Low
56060.3,33690.42,0.399,101648.64,58,3,55,0.9427,0.601,0,0,Low
32828.77,25172.94,0.2332,12494.61,31,3,28,0.4242,0.7668,2,0,Medium
87760.86,49322.6,0.438,123481.67,42,3,39,0.7866,0.562,0,0,Low
17654.75,22103.91,-0.252,489.03,37,1,36,0.3302,1.252,3,6,High
66329.38,28048.6,0.5771,219633.29,58,3,55,0.8307,0.4229,1,0,Low
40975.03,41277.59,-0.0074,6023.44,53,2,51,0.2993,1.0074,3,3,High
89197.56,46158.59,0.4825,116947.9,56,2,54,0.8096,0.5175,0,0,Low
65533.58,55308.05,0.156,27314.53,21,2,19,0.5787,0.844,3,0,Medium
36169.23,41330.22,-0.1427,6515.56,52,2,50,0.1243,1.1427,2,5,High
58942.28,43233.34,0.2665,37346.05,38,3,35,0.6142,0.7335,1,0,Medium
36368.1,28638.56,0.2125,22779.25,15,3,12,0.4371,0.7875,1,1,Medium
93785.53,55336.6,0.41,94850.27,22,2,20,0.7526,0.59,0,0,Low
25942.36,28323.53,-0.0918,1606.09,53,1,52,0.1044,1.0918,4,6,High
71730.73,60132.61,0.1617,49563.21,23,3,20,0.7394,0.8383,2,0,Medium
124295.58,64196.71,0.4835,162067.81,35,3,32,0.8406,0.5165,0,0,Low
83216.18,39410.61,0.5264,173187.45,47,3,44,0.8428,0.4736,0,0,Low
22275.49,24173.61,-0.0852,5031.4,23,1,22,0.2046,1.0852,2,1,High
83547.68,46528.8,0.4431,59566.96,60,4,56,0.8416,0.5569,0,0,Low
19276.18,17284.51,0.1033,4066.39,17,2,15,0.4406,0.8967,3,2,High
59878.87,42229.6,0.2947,23596.72,43,2,41,0.5871,0.7053,1,0,Medium
11039.57,12848.15,-0.1638,3820.44,22,2,20,0.2695,1.1638,4,6,High
123216.19,61356.2,0.502,345942.58,26,2,24,0.9526,0.498,1,0,Low
64491.67,30838.39,0.5218,214191.87,22,5,17,0.7662,0.4782,0,0,Low
64937.96,38116.31,0.413,60045.18,50,5,45,0.9103,0.587,2,0,Low
33205.86,23609.01,0.289,17086.83,42,1,41,0.4294,0.711,3,0,Medium
54601.84,46926.97,0.1406,23501.71,45,1,44,0.4176,0.8594,1,0,Medium
40310.49,33646.87,0.1653,18024.97,41,2,39,0.4519,0.8347,1,1,Medium
15100.64,20163.73,-0.3353,6411.77,21,2,19,0.1299,1.3353,2,6,High
18341.32,23523.47,-0.2825,6058.09,51,1,50,0.1332,1.2825,5,5,High
43817.74,37904.48,0.135,16948.58,42,2,40,0.6119,0.865,1,0,Medium
129148.34,65220.35,0.495,240815.55,32,4,28,0.8902,0.505,1,0,Low
84683.19,42595.01,0.497,220682.31,63,3,60,0.9767,0.503,0,0,Low
62475.69,48130.17,0.2296,17163.63,29,3,26,0.5546,0.7704,1,0,Medium
52995.87,45923.0,0.1335,13033.02,49,1,48,0.432,0.8665,2,0,Medium
51583.07,37645.87,0.2702,34203.56,38,3,35,0.5758,0.7298,1,0,Medium
32027.44,32331.88,-0.0095,1857.17,34,2,32,0.1658,1.0095,2,1,High
130513.3,60297.82,0.538,323084.54,25,3,22,0.8085,0.462,0,0,Low
46860.17,31224.74,0.3337,28119.35,39,2,37,0.5796,0.6663,1,0,Medium
34679.19,34503.24,0.0051,6463.34,13,1,12,0.1507,0.9949,3,3,High
111615.63,60606.43,0.457,109031.3,30,5,25,0.7528,0.543,0,0,Low
142524.84,75999.33,0.4668,137838.34,56,4,52,0.7567,0.5332,0,0,Low
104910.17,52407.6,0.5005,99617.28,58,5,53,0.7794,0.4995,1,0,Low
27068.96,20204.31,0.2536,5747.14,32,1,31,0.5916,0.7464,1,0,Medium
24699.07,31275.53,-0.2663,6516.46,30,2,28,0.1796,1.2663,6,4,High
152019.78,69798.36,0.5409,204421.39,52,3,49,0.8194,0.4591,1,0,Low
101223.25,43381.17,0.5714,352537.86,37,5,32,0.8249,0.4286,1,0,Low
35365.16,26621.02,0.2473,7705.98,42,2,40,0.4077,0.7527,1,0,Medium
70355.91,25304.23,0.6403,202824.6,25,2,23,0.7633,0.3597,2,0,Low
151915.23,84859.62,0.4414,375766.96,25,5,20,0.9348,0.5586,0,0,Low
16437.61,15234.85,0.0732,3373.73,22,1,21,0.1297,0.9268,5,4,High
62533.14,44465.96,0.2889,37127.52,19,3,16,0.6883,0.7111,1,1,Medium
54427.04,40052.61,0.2641,15807.52,15,3,12,0.5242,0.7359,2,0,Medium
123385.57,50464.68,0.591,176434.54,26,5,21,0.9094,0.409,0,0,Low
81516.12,49308.71,0.3951,245409.33,32,2,30,0.778,0.6049,0,0,Low
20131.14,24132.44,-0.1988,316.98,32,2,30,0.3925,1.1988,6,5,High
159620.14,89462.38,0.4395,386698.05,48,5,43,0.9008,0.5605,1,0,Low
34157.86,23917.66,0.2998,6151.19,43,2,41,0.4603,0.7002,2,0,Medium
116589.77,52502.47,0.5497,227689.41,39,5,34,0.8859,0.4503,0,0,Low
39704.41,26783.36,0.3254,11171.43,35,3,32,0.5068,0.6746,1,0,Medium
30930.48,34807.05,-0.1253,1196.58,35,1,34,0.256,1.1253,6,2,High
33170.44,23366.78,0.2956,16433.19,19,1,18,0.5455,0.7044,1,1,Medium
64558.01,56525.87,0.1244,31198.27,29,2,27,0.532,0.8756,1,0,Medium
29403.7,23952.82,0.1854,20142.61,30,3,27,0.5729,0.8146,3,0,Medium
68962.95,47945.14,0.3048,38314.74,38,3,35,0.4438,0.6952,1,0,Medium
50986.52,39547.03,0.2244,10157.04,26,1,25,0.6986,0.7756,3,0,Medium
45853.4,31963.74,0.3029,21165.24,35,2,33,0.5059,0.6971,2,0,Medium
132515.91,55517.77,0.581,238380.61,49,4,45,0.7633,0.419,0,0,Low
85961.35,48532.13,0.4354,230826.72,40,3,37,0.9058,0.5646,0,0,Low
40542.28,28625.87,0.2939,20706.84,37,3,34,0.5996,0.7061,1,0,Medium
35517.46,43375.74,-0.2213,694.34,30,1,29,0.1609,1.2213,4,2,High
26745.16,25239.52,0.0563,990.55,17,2,15,0.4278,0.9437,4,3,High
145233.74,55499.93,0.6179,372207.62,52,4,48,0.9024,0.3821,0,0,Low
61697.6,32529.15,0.4728,158389.61,50,5,45,0.9486,0.5272,0,0,Low
51474.88,17399.63,0.662,52971.43,60,4,56,0.9216,0.338,0,0,Low
14119.91,16184.57,-0.1462,6268.41,24,2,22,0.1162,1.1462,6,5,High
46588.62,32916.64,0.2935,30429.97,36,2,34,0.7333,0.7065,2,0,Medium
37449.27,30980.69,0.1727,14422.56,20,3,17,0.5884,0.8273,1,0,Medium
29325.45,26768.66,0.0872,753.3,34,2,32,0.3102,0.9128,2,5,High
63897.59,43607.21,0.3175,28758.4,32,1,31,0.4547,0.6825,3,0,Medium
138135.56,52696.65,0.6185,360286.22,36,2,34,0.887,0.3815,0,0,Low
61430.74,33670.85,0.4519,89685.57,50,3,47,0.9529,0.5481,1,0,Low
52371.24,37958.6,0.2752,8986.81,17,2,15,0.4022,0.7248,4,1,Medium
32499.06,21615.42,0.3349,20731.66,19,3,16,0.5739,0.6651,4,0,Medium
156316.98,51317.4,0.6717,455990.7,36,5,31,0.8604,0.3283,0,0,Low
13308.64,14486.37,-0.0885,1686.44,48,1,47,0.1887,1.0885,2,5,High
60834.87,48032.07,0.2105,31638.97,32,2,30,0.733,0.7895,3,1,Medium
71410.14,57354.33,0.1968,43021.87,19,1,18,0.7161,0.8032,3,1,Medium
18584.01,25082.74,-0.3497,1309.81,18,2,16,0.1521,1.3497,3,6,High
11917.6,13444.2,-0.1281,958.6,12,1,11,0.2015,1.1281,3,5,High
93691.17,39946.36,0.5736,142576.12,30,4,26,0.9126,0.4264,1,0,Low
98066.23,52353.81,0.4661,109280.66,24,2,22,0.9135,0.5339,2,0,Low
57656.07,41948.9,0.2724,14343.67,38,1,37,0.5502,0.7276,1,0,Medium
45412.56,39798.39,0.1236,16695.45,48,1,47,0.4668,0.8764,1,0,Medium
122181.5,50676.85,0.5852,172478.52,61,3,58,0.8242,0.4148,1,0,Low
52515.98,21053.28,0.5991,116090.54,48,3,45,0.8233,0.4009,0,0,Low
105522.02,47296.58,0.5518,143196.51,43,4,39,0.8771,0.4482,0,0,Low
67025.31,44938.3,0.3295,46611.6,47,3,44,0.7447,0.6705,4,0,Medium
114068.35,53043.77,0.535,373493.71,62,4,58,0.9782,0.465,1,0,Low
58423.42,42178.9,0.278,10720.58,16,1,15,0.6722,0.722,1,0,Medium
57762.42,29055.4,0.497,165095.71,60,5,55,0.9476,0.503,0,0,Low
57600.57,47102.36,0.1823,26858.18,20,3,17,0.5093,0.8177,2,0,Medium
66422.21,55439.07,0.1654,45067.88,17,2,15,0.5407,0.8346,1,0,Medium
34190.91,40498.76,-0.1845,927.23,20,2,18,0.3071,1.1845,3,5,High
74551.24,52030.24,0.3021,25756.83,37,3,34,0.6453,0.6979,2,1,Medium
38079.43,31599.64,0.1702,21751.82,39,3,36,0.738,0.8298,1,0,Medium
34517.03,45525.34,-0.3189,6636.42,37,1,36,0.2814,1.3189,2,1,High
13343.37,16296.57,-0.2213,4842.25,40,1,39,0.4229,1.2213,2,4,High
16565.99,18455.47,-0.1141,6159.94,16,1,15,0.4255,1.1141,2,6,High
23970.62,28322.4,-0.1815,3205.36,26,1,25,0.2358,1.1815,3,3,High
119208.33,58488.4,0.5094,217355.67,52,4,48,0.829,0.4906,0,0,Low
55827.47,22887.71,0.59,83227.96,61,5,56,0.9336,0.41,0,0,Low
133661.23,61218.79,0.542,289196.37,34,3,31,0.7558,0.458,0,0,Low
20613.05,25201.65,-0.2226,3603.49,43,1,42,0.1385,1.2226,5,6,High
84780.85,33985.31,0.5991,242575.11,25,4,21,0.8045,0.4009,1,0,Low
73658.6,50172.98,0.3188,20426.37,16,1,15,0.5469,0.6812,1,0,Medium
13617.69,16864.37,-0.2384,5327.08,50,1,49,0.2896,1.2384,2,5,High
72919.55,56413.06,0.2264,11507.3,16,3,13,0.6409,0.7736,3,0,Medium
90890.28,52221.52,0.4254,65921.37,20,5,15,0.8877,0.5746,0,0,Low
97604.69,41499.01,0.5748,142921.21,48,2,46,0.7602,0.4252,1,0,Low
88387.89,26589.76,0.6992,276763.96,27,2,25,0.8874,0.3008,2,0,Low
74428.54,52342.33,0.2967,49748.06,43,3,40,0.477,0.7033,1,0,Medium
104660.92,54943.43,0.475,179824.51,31,3,28,0.9101,0.525,1,0,Low
157906.85,78768.71,0.5012,357772.31,38,4,34,0.8535,0.4988,0,0,Low
70573.93,51194.52,0.2746,25028.71,43,3,40,0.4013,0.7254,2,0,Medium
16243.48,21126.29,-0.3006,3264.68,49,2,47,0.274,1.3006,6,4,High
27353.6,26208.2,0.0419,5249.57,15,1,14,0.4264,0.9581,4,3,High
33982.19,28476.4,0.162,22486.67,30,2,28,0.5181,0.838,3,0,Medium
23496.78,23395.02,0.0043,1477.04,39,2,37,0.3252,0.9957,4,4,High
66185.86,38789.99,0.4139,167583.86,62,2,60,0.8513,0.5861,0,0,Low
107537.66,35697.92,0.668,282450.29,32,2,30,0.9595,0.332,1,0,Low
31412.93,33886.38,-0.0787,3347.84,44,1,43,0.1669,1.0787,4,1,High
111547.67,49120.79,0.5596,304605.62,55,3,52,0.8875,0.4404,1,0,Low
46336.36,14975.12,0.6768,83358.28,50,3,47,0.8171,0.3232,0,0,Low
34552.93,45480.86,-0.3163,3437.47,25,2,23,0.3761,1.3163,3,6,High
27463.99,28983.71,-0.0553,662.17,21,1,20,0.4328,1.0553,4,3,High
141840.51,77452.53,0.4539,125594.21,24,3,21,0.8928,0.5461,0,0,Low
16896.41,16756.05,0.0083,5131.56,20,2,18,0.2453,0.9917,2,5,High
58048.43,34707.0,0.4021,198983.92,33,4,29,0.7629,0.5979,1,0,Low
28103.26,22068.62,0.2147,14524.64,29,1,28,0.5889,0.7853,1,0,Medium
129796.06,58710.11,0.5477,227465.94,48,3,45,0.8403,0.4523,2,0,Low
31387.74,20439.13,0.3488,12397.38,35,2,33,0.6318,0.6512,3,1,Medium
76441.81,24311.57,0.682,238591.92,36,2,34,0.9799,0.318,2,0,Low
75734.05,28047.18,0.6297,80902.99,31,4,27,0.8823,0.3703,0,0,Low
56680.36,48216.83,0.1493,16113.16,22,2,20,0.724,0.8507,2,0,Medium
73834.03,37108.35,0.4974,153867.66,29,2,27,0.9428,0.5026,0,0,Low
155649.84,65366.49,0.58,233473.81,52,3,49,0.8504,0.42,1,0,Low
20460.58,18311.55,0.105,4936.98,34,1,33,0.3705,0.895,5,6,High
43327.53,36978.1,0.1465,27840.52,37,3,34,0.5046,0.8535,1,0,Medium
107888.86,38591.69,0.6423,214059.51,22,3,19,0.9487,0.3577,0,0,Low
63101.78,46721.7,0.2596,14298.22,44,1,43,0.4775,0.7404,1,0,Medium
157836.41,79262.34,0.4978,225303.59,43,2,41,0.9294,0.5022,0,0,Low
100125.76,40089.64,0.5996,240085.42,20,3,17,0.9566,0.4004,1,0,Low
145136.65,79877.89,0.4496,332021.2,60,4,56,0.9521,0.5504,0,0,Low
43390.85,35568.07,0.1803,23322.8,41,1,40,0.5392,0.8197,1,0,Medium
20131.28,21622.43,-0.0741,1138.42,52,1,51,0.3806,1.0741,5,5,High
72426.58,50000.63,0.3096,33479.19,40,2,38,0.6257,0.6904,1,0,Medium
61073.82,33864.55,0.4455,77231.3,49,4,45,0.7878,0.5545,1,0,Low
58816.65,43164.03,0.2661,32712.54,19,3,16,0.4418,0.7339,2,0,Medium
33978.09,45318.54,-0.3338,607.59,34,2,32,0.4281,1.3338,5,3,High
47822.24,31356.85,0.3443,13717.83,16,2,14,0.5171,0.6557,2,0,Medium
54210.89,38296.26,0.2936,9852.98,33,2,31,0.4768,0.7064,4,0,Medium
51380.9,35149.16,0.3159,10309.8,46,1,45,0.7352,0.6841,2,0,Medium
69033.5,59065.39,0.1444,23105.44,35,3,32,0.42,0.8556,4,0,Medium
10953.3,9797.71,0.1055,618.35,15,1,14,0.3991,0.8945,4,6,High
63684.8,44964.84,0.2939,20267.19,19,2,17,0.4221,0.7061,2,1,Medium
124804.07,59116.17,0.5263,175354.38,24,5,19,0.7918,0.4737,2,0,Low
152909.15,54740.65,0.642,135506.49,59,5,54,0.8821,0.358,1,0,Low
87467.29,52352.32,0.4015,263890.36,59,4,55,0.9143,0.5985,0,0,Low
59901.63,52122.86,0.1299,23056.6,44,1,43,0.7143,0.8701,2,0,Medium
37580.17,43201.05,-0.1496,2931.02,21,2,19,0.1437,1.1496,6,1,High
123655.83,61465.9,0.5029,413368.65,21,2,19,0.9495,0.4971,0,0,Low
54825.2,41366.31,0.2455,31749.5,23,3,20,0.5609,0.7545,2,0,Medium
51007.15,43600.99,0.1452,15021.43,35,2,33,0.5135,0.8548,4,1,Medium
23139.16,30158.53,-0.3034,6284.17,18,1,17,0.4027,1.3034,5,1,High
54350.01,35628.89,0.3445,11633.75,32,3,29,0.4662,0.6555,2,0,Medium
35686.32,44696.98,-0.2525,2150.78,17,1,16,0.151,1.2525,6,6,High
33153.11,38308.61,-0.1555,4569.27,21,2,19,0.3163,1.1555,2,5,High
112486.73,60578.67,0.4615,214697.43,38,3,35,0.8153,0.5385,0,0,Low
27122.18,18732.92,0.3093,18796.61,38,3,35,0.5862,0.6907,3,1,Medium
143225.64,45236.24,0.6842,434444.59,39,5,34,0.8155,0.3158,0,0,Low
68978.71,41234.81,0.4022,70760.15,37,2,35,0.8375,0.5978,1,0,Low
54750.37,39892.48,0.2714,34527.29,26,3,23,0.4793,0.7286,2,0,Medium
122283.01,49525.7,0.595,138683.18,41,3,38,0.9479,0.405,0,0,Low
130018.89,43430.21,0.666,205660.62,47,4,43,0.7902,0.334,1,0,Low
34101.56,22624.52,0.3366,10740.67,15,3,12,0.6323,0.6634,1,1,Medium
141593.92,77494.82,0.4527,190323.52,30,4,26,0.9497,0.5473,2,0,Low
48504.3,28011.66,0.4225,82050.39,34,5,29,0.8119,0.5775,0,0,Low
135295.24,49233.34,0.6361,289512.38,22,2,20,0.8897,0.3639,0,0,Low
45661.42,36178.35,0.2077,23559.05,46,2,44,0.4082,0.7923,2,0,Medium
19192.25,23585.84,-0.2289,3228.57,29,2,27,0.1192,1.2289,3,1,High
120922.7,47108.93,0.6104,407947.57,58,5,53,0.8775,0.3896,0,0,Low
90921.33,31710.92,0.6512,316311.11,59,5,54,0.8742,0.3488,1,0,Low
40580.46,50529.22,-0.2452,5912.36,52,1,51,0.1589,1.2452,6,3,High
153950.45,62803.91,0.5921,420276.62,50,2,48,0.9087,0.4079,0,0,Low
15706.61,15708.34,-0.0001,2983.98,37,1,36,0.2122,1.0001,3,5,High
35501.68,25949.37,0.2691,19103.04,35,1,34,0.6522,0.7309,1,0,Medium
40524.71,29283.8,0.2774,23717.07,29,1,28,0.5048,0.7226,2,0,Medium
61496.38,43257.27,0.2966,22933.78,33,2,31,0.4695,0.7034,3,1,Medium
159058.14,52765.47,0.6683,290151.34,61,3,58,0.7969,0.3317,0,0,Low
54598.37,31796.63,0.4176,161070.1,35,2,33,0.8461,0.5824,2,0,Low
73117.88,52394.1,0.2834,30255.72,15,3,12,0.4017,0.7166,2,0,Medium
135690.72,63167.57,0.5345,262230.08,55,3,52,0.8255,0.4655,0,0,Low
103932.63,55847.14,0.4627,276124.93,44,4,40,0.8001,0.5373,0,0,Low
84339.4,47466.41,0.4372,85163.3,55,2,53,0.7793,0.5628,0,0,Low
37308.66,48896.61,-0.3106,1930.47,33,1,32,0.2122,1.3106,2,4,High
66949.79,58102.18,0.1322,42624.94,18,2,16,0.4971,0.8678,1,1,Medium
72124.73,52072.0,0.278,44874.46,23,1,22,0.6468,0.722,3,0,Medium
45913.24,33332.55,0.274,21766.0,22,1,21,0.427,0.726,1,0,Medium
94854.88,51040.81,0.4619,133025.39,45,2,43,0.7686,0.5381,0,0,Low
58917.75,50818.73,0.1375,35420.07,28,2,26,0.5246,0.8625,1,0,Medium
61033.08,40396.65,0.3381,10809.69,38,1,37,0.5237,0.6619,1,0,Medium
57763.79,25592.7,0.5569,114892.36,55,2,53,0.8757,0.4431,0,0,Low
37811.17,43536.8,-0.1514,3132.6,46,1,45,0.2626,1.1514,6,3,High
71573.6,36860.81,0.485,54051.63,56,4,52,0.9541,0.515,0,0,Low
107384.17,37355.99,0.6521,189633.04,50,3,47,0.9131,0.3479,0,0,Low
57960.03,41981.2,0.2757,40181.5,40,1,39,0.5379,0.7243,2,1,Medium
62111.54,27829.46,0.5519,214083.85,63,5,58,0.9486,0.4481,0,0,Low
37725.68,34154.14,0.0947,6398.23,52,2,50,0.326,0.9053,5,3,High
14393.71,15037.38,-0.0447,4148.56,16,2,14,0.2355,1.0447,2,6,High
128893.45,70242.3,0.455,147575.63,63,5,58,0.8417,0.545,2,0,Low
147644.28,69775.14,0.5274,437149.99,47,2,45,0.8231,0.4726,0,0,Low
41099.9,32432.47,0.2109,14923.3,23,1,22,0.6795,0.7891,4,0,Medium
130846.51,66454.66,0.4921,402722.74,36,5,31,0.8807,0.5079,0,0,Low
59075.32,42569.33,0.2794,10716.37,19,2,17,0.6334,0.7206,1,0,Medium
60189.97,50565.13,0.1599,23799.76,18,1,17,0.4028,0.8401,4,0,Medium
39696.83,28124.4,0.2915,19732.39,35,2,33,0.612,0.7085,2,0,Medium
18790.56,24397.02,-0.2984,380.04,31,2,29,0.3915,1.2984,2,2,High
78881.23,24025.72,0.6954,218188.22,44,2,42,0.9203,0.3046,0,0,Low
56084.53,40527.86,0.2774,27584.35,40,3,37,0.4475,0.7226,1,0,Medium
62402.04,41120.18,0.341,38091.19,49,3,46,0.6186,0.659,3,0,Medium
34261.96,25455.8,0.257,23856.46,16,2,14,0.5976,0.743,2,0,Medium
20912.65,27865.22,-0.3325,3877.1,12,1,11,0.325,1.3325,3,2,High
23836.49,16191.21,0.3207,15567.18,23,3,20,0.7462,0.6793,1,0,Medium
128081.99,49932.4,0.6102,98377.82,36,5,31,0.9663,0.3898,2,0,Low
71642.25,43105.29,0.3983,180467.58,64,3,61,0.8031,0.6017,0,0,Low
56663.4,25808.98,0.5445,80403.91,46,2,44,0.9347,0.4555,0,0,Low
52118.24,37169.33,0.2868,21417.43,19,2,17,0.6028,0.7132,3,0,Medium
28857.14,33116.37,-0.1476,5198.61,27,1,26,0.145,1.1476,3,6,High
29826.18,35813.64,-0.2007,5463.59,38,1,37,0.326,1.2007,4,4,High
51782.57,34991.81,0.3243,25126.36,43,3,40,0.5874,0.6757,2,0,Medium
32588.24,42669.53,-0.3094,4602.14,39,1,38,0.2254,1.3094,5,5,High
26005.93,22594.66,0.1312,8153.12,34,3,31,0.6183,0.8688,2,0,Medium
133654.81,58146.73,0.5649,225988.88,62,2,60,0.769,0.4351,0,0,Low
64617.07,48331.35,0.252,45043.03,41,1,40,0.6731,0.748,2,0,Medium
29702.31,22761.19,0.2337,5468.87,22,3,19,0.5822,0.7663,4,0,Medium
41122.73,33850.38,0.1768,17477.93,20,2,18,0.5872,0.8232,4,0,Medium
89430.12,39710.54,0.556,119434.03,36,5,31,0.8536,0.444,1,0,Low
43802.85,29745.15,0.3209,7241.23,24,1,23,0.4905,0.6791,1,0,Medium
20269.93,20392.29,-0.006,3786.12,15,2,13,0.4135,1.006,4,4,High
30150.54,25743.11,0.1462,12126.1,34,3,31,0.6321,0.8538,2,1,Medium
70111.35,46982.02,0.3299,46629.05,26,3,23,0.677,0.6701,1,1,Medium
45223.47,38123.9,0.157,10780.09,49,3,46,0.5572,0.843,1,0,Medium
10986.39,14221.15,-0.2944,189.77,51,1,50,0.2712,1.2944,4,6,High
52685.16,34905.91,0.3375,17002.77,41,3,38,0.4758,0.6625,3,0,Medium
25129.66,17904.45,0.2875,5203.5,19,2,17,0.4317,0.7125,2,0,Medium
92194.04,49948.55,0.4582,123598.54,51,4,47,0.8166,0.5418,0,0,Low
112090.06,48005.08,0.5717,223464.56,62,5,57,0.9597,0.4283,0,0,Low
76695.42,42326.71,0.4481,263029.78,35,3,32,0.8486,0.5519,1,0,Low
122721.74,54202.44,0.5583,239088.29,60,2,58,0.7536,0.4417,0,0,Low
32474.4,41629.12,-0.2819,2560.6,47,1,46,0.3303,1.2819,3,3,High
38610.92,43206.39,-0.119,5908.48,31,2,29,0.2437,1.119,5,3,High
135712.8,48259.62,0.6444,387920.32,23,4,19,0.7883,0.3556,1,0,Low
92361.71,38019.57,0.5884,305041.3,63,3,60,0.7786,0.4116,1,0,Low
34239.01,41997.04,-0.2266,4993.35,16,1,15,0.3638,1.2266,4,4,High
41999.47,29794.09,0.2906,11923.94,38,3,35,0.6658,0.7094,1,0,Medium
64663.08,42810.19,0.338,15376.47,48,2,46,0.4818,0.662,1,1,Medium
49073.57,19889.34,0.5947,162357.49,30,4,26,0.8147,0.4053,0,0,Low
155989.92,71176.04,0.5437,175004.02,63,2,61,0.8451,0.4563,1,0,Low
34146.11,26489.92,0.2242,17717.45,34,1,33,0.432,0.7758,1,1,Medium
111383.72,59721.96,0.4638,329400.47,49,4,45,0.8084,0.5362,0,0,Low
39583.82,44729.79,-0.13,192.53,34,2,32,0.4405,1.13,6,2,High
29074.05,27074.92,0.0688,2427.78,44,2,42,0.3825,0.9312,5,4,High
65234.51,51364.47,0.2126,23908.42,21,3,18,0.519,0.7874,3,0,Medium
36035.7,32664.65,0.0935,3744.76,12,1,11,0.312,0.9065,2,6,High
55306.6,44709.04,0.1916,16000.19,39,2,37,0.6532,0.8084,2,1,Medium
159173.94,54449.67,0.6579,233866.03,20,5,15,0.847,0.3421,0,0,Low
90630.14,28661.41,0.6838,288432.96,34,5,29,0.8831,0.3162,0,0,Low
109638.37,66119.5,0.3969,229092.06,22,3,19,0.7875,0.6031,1,0,Low
107081.92,37676.18,0.6482,327272.66,36,3,33,0.9697,0.3518,0,0,Low
34789.53,35200.59,-0.0118,6541.79,46,1,45,0.3638,1.0118,6,5,High
83682.6,39097.03,0.5328,230157.37,22,2,20,0.8316,0.4672,0,0,Low
48614.36,24484.69,0.4963,76820.25,51,5,46,0.9587,0.5037,0,0,Low
43952.65,35973.27,0.1815,27906.17,24,3,21,0.4369,0.8185,1,0,Medium
156003.96,69628.44,0.5537,477007.79,51,5,46,0.8446,0.4463,0,0,Low
126485.78,57113.85,0.5485,109053.17,37,3,34,0.9777,0.4515,0,0,Low
26481.97,20909.49,0.2104,16803.74,30,2,28,0.6307,0.7896,1,1,Medium
28211.81,20525.71,0.2724,6448.18,40,1,39,0.4722,0.7276,1,1,Medium
23288.37,23764.2,-0.0204,2058.76,53,2,51,0.3519,1.0204,2,5,High
28905.75,35318.96,-0.2219,6594.82,23,1,22,0.3711,1.2219,4,4,High
52874.29,42683.9,0.1927,29832.49,30,1,29,0.4645,0.8073,1,0,Medium
17155.28,22634.5,-0.3194,2477.72,15,1,14,0.2971,1.3194,2,5,High
59863.77,52025.65,0.1309,16444.58,24,1,23,0.455,0.8691,1,0,Medium
27776.8,34171.74,-0.2302,3544.78,29,1,28,0.1593,1.2302,5,6,High
108015.34,48110.11,0.5546,330980.59,45,3,42,0.7845,0.4454,0,0,Low
10301.44,13000.87,-0.262,1889.86,52,1,51,0.256,1.262,5,6,High
28964.86,20575.81,0.2896,13603.88,23,2,21,0.4435,0.7104,2,0,Medium
27686.52,26102.34,0.0572,970.35,27,2,25,0.1941,0.9428,4,4,High
64276.21,20037.14,0.6883,177526.11,56,5,51,0.8592,0.3117,1,0,Low
90864.81,50998.62,0.4387,266721.51,28,5,23,0.8669,0.5613,0,0,Low
72738.17,44536.1,0.3877,214163.27,64,5,59,0.8622,0.6123,0,0,Low
12251.78,14460.48,-0.1803,6677.34,45,1,44,0.3503,1.1803,6,3,High
108063.93,62824.23,0.4186,280061.11,51,4,47,0.9408,0.5814,0,0,Low
41943.12,54478.56,-0.2989,433.44,21,2,19,0.4154,1.2989,2,1,High
64616.92,38989.5,0.3966,125789.05,48,4,44,0.8046,0.6034,0,0,Low
155988.65,47043.18,0.6984,524913.19,48,2,46,0.8834,0.3016,0,0,Low
117580.94,65179.77,0.4457,247788.18,47,4,43,0.8633,0.5543,0,0,Low
27955.32,20305.54,0.2736,16211.23,27,2,25,0.6197,0.7264,2,1,Medium
54711.29,47766.15,0.1269,30102.0,16,1,15,0.6524,0.8731,1,0,Medium
22994.63,29204.56,-0.2701,1670.66,19,1,18,0.3821,1.2701,5,2,High
127960.25,73720.68,0.4239,90325.96,49,2,47,0.9408,0.5761,0,0,Low
139073.08,52972.98,0.6191,203050.59,55,4,51,0.8007,0.3809,1,0,Low
42410.62,31643.13,0.2539,7399.8,30,3,27,0.4563,0.7461,3,0,Medium
22102.62,27743.03,-0.2552,6133.46,32,2,30,0.372,1.2552,3,3,High
35578.15,24931.38,0.2993,8039.56,27,1,26,0.6362,0.7007,1,0,Medium
91518.43,53454.68,0.4159,282114.7,27,5,22,0.9567,0.5841,0,0,Low
11675.11,11631.33,0.0037,5633.21,20,2,18,0.4162,0.9963,5,5,High
29474.66,33823.16,-0.1475,6731.72,14,2,12,0.1908,1.1475,2,2,High
153594.92,51101.33,0.6673,474882.83,34,4,30,0.94,0.3327,0,0,Low
36749.94,35220.08,0.0416,3247.5,32,1,31,0.1685,0.9584,3,5,High
31604.16,34196.53,-0.082,5141.69,44,1,43,0.2555,1.082,2,5,High
41428.33,55604.65,-0.3422,6482.34,20,1,19,0.214,1.3422,2,6,High
23161.41,16658.62,0.2808,9877.12,38,3,35,0.4984,0.7192,3,0,Medium
27581.18,32043.77,-0.1618,4603.82,48,2,46,0.2276,1.1618,5,5,High
22828.23,23440.05,-0.0268,4803.9,14,2,12,0.3796,1.0268,3,6,High
41137.45,55152.07,-0.3407,1951.1,37,1,36,0.1358,1.3407,2,6,High
26516.31,27317.78,-0.0302,4846.58,54,2,52,0.2046,1.0302,2,4,High
38998.88,27073.78,0.3058,12487.76,26,3,23,0.5439,0.6942,2,0,Medium
37596.14,25430.15,0.3236,25108.32,29,3,26,0.4744,0.6764,2,0,Medium
112876.53,46901.51,0.5845,107958.47,36,3,33,0.9088,0.4155,0,0,Low
43590.37,33560.96,0.2301,28033.67,39,1,38,0.5731,0.7699,1,0,Medium
31806.74,29237.6,0.0808,2834.11,20,1,19,0.2886,0.9192,3,2,High
118281.63,72599.44,0.3862,381980.91,31,4,27,0.9094,0.6138,0,0,Low
50577.13,35842.57,0.2913,28946.91,34,3,31,0.4744,0.7087,1,0,Medium
25345.89,18787.73,0.2587,10409.64,28,1,27,0.6084,0.7413,2,0,Medium
39760.17,42401.88,-0.0664,3492.99,42,2,40,0.1404,1.0664,3,2,High
67576.86,47236.1,0.301,32726.0,49,2,47,0.4255,0.699,2,0,Medium
27423.61,20414.54,0.2556,18188.87,37,3,34,0.6806,0.7444,2,0,Medium
25135.7,28379.59,-0.1291,1414.97,29,1,28,0.4161,1.1291,5,6,High
23295.79,25049.43,-0.0753,349.83,16,2,14,0.1401,1.0753,4,3,High
127823.3,42706.43,0.6659,139589.68,46,2,44,0.8113,0.3341,1,0,Low
35883.47,36800.75,-0.0256,4041.37,50,1,49,0.2326,1.0256,2,6,High
35001.3,31463.53,0.1011,2356.35,22,2,20,0.1963,0.8989,4,2,High
43969.35,28714.09,0.347,13752.23,37,1,36,0.6527,0.653,1,0,Medium
68583.92,41819.6,0.3902,184536.48,39,2,37,0.9193,0.6098,0,0,Low
137652.07,67079.7,0.5127,431010.59,63,4,59,0.7757,0.4873,0,0,Low
37579.0,41692.8,-0.1095,6962.49,32,1,31,0.1259,1.1095,4,1,High
70023.35,47733.44,0.3183,12596.6,16,1,15,0.4503,0.6817,2,0,Medium
47308.19,19068.29,0.5969,61124.75,45,3,42,0.7775,0.4031,1,0,Low
110758.05,65380.92,0.4097,369971.18,38,2,36,0.8368,0.5903,2,0,Low
76759.5,40393.34,0.4738,67205.32,27,2,25,0.8283,0.5262,2,0,Low
56472.54,39465.09,0.3012,12260.42,41,1,40,0.7489,0.6988,1,0,Medium
23719.5,19011.3,0.1985,10502.06,26,3,23,0.4604,0.8015,2,0,Medium
29621.45,38201.26,-0.2896,4667.12,26,2,24,0.3868,1.2896,5,2,High
30198.02,29149.05,0.0347,4002.66,48,1,47,0.1047,0.9653,3,4,High
31604.95,27501.22,0.1298,20213.77,49,2,47,0.541,0.8702,2,1,Medium
95500.51,40169.64,0.5794,190571.6,57,2,55,0.922,0.4206,0,0,Low
93254.01,35368.81,0.6207,158226.27,56,3,53,0.7533,0.3793,0,0,Low
105911.09,59396.79,0.4392,221847.11,53,2,51,0.8432,0.5608,0,0,Low
142401.42,83417.17,0.4142,124584.33,57,4,53,0.8531,0.5858,0,0,Low
28726.23,30452.09,-0.0601,3453.8,34,1,33,0.1496,1.0601,2,2,High
54036.53,23074.43,0.573,57905.76,58,3,55,0.9086,0.427,1,0,Low
10171.17,12553.15,-0.2342,6331.05,51,2,49,0.1336,1.2342,4,1,High
51398.41,43172.84,0.16,25560.55,39,3,36,0.6095,0.84,2,1,Medium
36172.93,32832.27,0.0924,6108.5,36,2,34,0.2394,0.9076,6,4,High
71974.55,43780.03,0.3917,101833.79,20,4,16,0.9751,0.6083,0,0,Low
96721.73,41246.79,0.5736,318663.73,50,5,45,0.8251,0.4264,0,0,Low
113802.9,50881.06,0.5529,103858.07,56,5,51,0.9098,0.4471,0,0,Low
87287.32,33593.81,0.6151,120733.29,57,3,54,0.8404,0.3849,1,0,Low
134855.12,81891.27,0.3927,382721.71,48,3,45,0.8887,0.6073,1,0,Low
51592.67,43858.19,0.1499,18281.89,31,3,28,0.7288,0.8501,3,0,Medium
99382.58,46840.46,0.5287,119224.18,56,4,52,0.803,0.4713,0,0,Low
145870.92,64010.52,0.5612,167806.24,35,5,30,0.8067,0.4388,1,0,Low
27745.22,23624.07,0.1485,16112.7,28,2,26,0.5413,0.8515,4,0,Medium
20190.46,24758.09,-0.2262,2085.26,31,2,29,0.1245,1.2262,3,4,High
26808.21,19045.09,0.2896,16919.23,23,2,21,0.4056,0.7104,2,1,Medium
42780.96,35194.91,0.1773,9369.78,31,1,30,0.4829,0.8227,2,0,Medium
36623.9,30279.68,0.1732,10051.42,47,1,46,0.6314,0.8268,2,0,Medium
39574.99,35665.77,0.0988,4111.83,30,1,29,0.1768,0.9012,5,2,High
18478.95,20259.78,-0.0964,3810.08,31,1,30,0.3744,1.0964,2,3,High
30872.45,37802.71,-0.2245,104.95,17,2,15,0.1576,1.2245,5,6,High
131958.78,54264.47,0.5888,338045.79,39,4,35,0.9633,0.4112,0,0,Low
69924.89,51477.73,0.2638,31635.96,26,1,25,0.6913,0.7362,3,0,Medium
76486.0,45666.85,0.4029,198309.11,40,4,36,0.9044,0.5971,0,0,Low
38201.52,39767.68,-0.041,878.6,39,2,37,0.3226,1.041,5,3,High
118654.74,72767.86,0.3867,283558.82,38,2,36,0.9247,0.6133,0,0,Low
93495.95,32006.32,0.6577,301206.79,53,4,49,0.9071,0.3423,1,0,Low
33282.02,39264.17,-0.1797,2582.55,30,1,29,0.1682,1.1797,3,4,High
79104.39,41815.83,0.4714,223486.89,57,2,55,0.8682,0.5286,0,0,Low
10794.15,13754.04,-0.2742,2621.03,24,1,23,0.2941,1.2742,4,6,High
15618.55,15176.18,0.0283,6414.65,20,2,18,0.1221,0.9717,2,3,High
25643.96,19910.86,0.2236,9730.35,45,3,42,0.4772,0.7764,1,0,Medium
36725.79,30388.68,0.1726,18676.74,26,3,23,0.5905,0.8274,1,0,Medium
13376.44,16108.07,-0.2042,4659.02,44,1,43,0.3554,1.2042,3,4,High
10823.76,11331.2,-0.0469,5642.8,46,1,45,0.2814,1.0469,3,6,High
33172.03,23311.78,0.2972,13534.49,38,2,36,0.4262,0.7028,2,0,Medium
38299.08,29228.81,0.2368,22522.91,33,2,31,0.5832,0.7632,1,0,Medium
40102.09,36572.28,0.088,2530.39,23,1,22,0.2386,0.912,2,2,High
17687.84,19564.7,-0.1061,3242.71,39,2,37,0.2249,1.1061,2,4,High
47601.1,33880.69,0.2882,14666.09,24,2,22,0.739,0.7118,2,0,Medium
31041.86,23295.5,0.2495,12578.17,43,3,40,0.4086,0.7505,2,0,Medium
60092.06,40588.51,0.3246,10190.09,20,2,18,0.4815,0.6754,1,0,Medium
14932.72,19167.58,-0.2836,3651.22,27,2,25,0.3429,1.2836,3,4,High
84697.1,46382.42,0.4524,145316.68,63,4,59,0.9681,0.5476,1,0,Low
116847.55,47612.7,0.5925,351746.23,22,4,18,0.7579,0.4075,1,0,Low
25449.92,26432.61,-0.0386,5888.9,19,1,18,0.1479,1.0386,6,4,High
24526.68,25232.18,-0.0288,2749.73,41,1,40,0.1953,1.0288,5,4,High
158627.54,93338.78,0.4116,400482.22,28,2,26,0.8085,0.5884,1,0,Low
132920.7,64271.05,0.5165,448864.15,28,5,23,0.9464,0.4835,0,0,Low
10890.91,10928.62,-0.0035,3271.34,49,2,47,0.295,1.0035,6,5,High
29949.18,40025.73,-0.3365,3956.78,39,2,37,0.2732,1.3365,2,1,High
33081.19,31822.66,0.038,5964.57,34,2,32,0.3946,0.962,6,1,High
50679.03,39994.4,0.2108,13747.61,23,2,21,0.4647,0.7892,1,0,Medium
113287.29,35175.6,0.6895,281056.57,46,5,41,0.8179,0.3105,1,0,Low
48363.44,27289.62,0.4357,51305.66,62,2,60,0.921,0.5643,0,0,Low
52419.34,38809.49,0.2596,8688.97,40,2,38,0.6736,0.7404,1,0,Medium
127893.51,71326.31,0.4423,443591.03,51,5,46,0.9356,0.5577,2,0,Low
64674.24,44801.7,0.3073,12723.46,26,1,25,0.6304,0.6927,2,0,Medium
17796.43,19674.97,-0.1056,4179.98,48,1,47,0.3897,1.1056,6,5,High
95864.36,38328.93,0.6002,153198.88,57,4,53,0.9215,0.3998,0,0,Low
27607.22,21158.51,0.2336,16510.32,31,3,28,0.5797,0.7664,4,0,Medium
128296.51,71008.26,0.4465,235223.39,54,4,50,0.8709,0.5535,0,0,Low
46199.19,17635.72,0.6183,66064.71,60,2,58,0.9708,0.3817,0,0,Low
13717.78,16097.5,-0.1735,3162.61,15,2,13,0.3286,1.1735,5,3,High
88162.94,34511.45,0.6085,111880.94,43,4,39,0.8389,0.3915,0,0,Low
116308.37,54747.23,0.5293,372523.98,55,2,53,0.7849,0.4707,0,0,Low
52384.03,25470.73,0.5138,76123.5,43,5,38,0.8214,0.4862,0,0,Low
22776.3,19630.05,0.1381,15643.84,30,3,27,0.6261,0.8619,1,0,Medium
80800.39,40020.98,0.5047,218582.97,32,5,27,0.9393,0.4953,0,0,Low
17910.59,22106.2,-0.2343,1908.04,29,2,27,0.2958,1.2343,6,3,High
48153.34,20501.37,0.5742,104602.3,53,5,48,0.7881,0.4258,0,0,Low
65251.01,48897.51,0.2506,38368.56,26,1,25,0.6502,0.7494,1,1,Medium
129308.0,44236.48,0.6579,349688.9,49,4,45,0.8955,0.3421,0,0,Low
65463.58,43177.36,0.3404,27754.69,20,2,18,0.6095,0.6596,2,0,Medium
97813.62,39789.29,0.5932,107597.63,22,3,19,0.763,0.4068,1,0,Low
126331.46,68937.74,0.4543,119309.01,30,4,26,0.8607,0.5457,0,0,Low
35372.68,30095.07,0.1492,8591.04,21,3,18,0.7358,0.8508,1,0,Medium
33591.02,39589.18,-0.1786,3354.72,27,1,26,0.1233,1.1786,2,5,High
15189.46,20400.37,-0.3431,624.36,30,2,28,0.1616,1.3431,3,6,High
68572.84,36494.51,0.4678,166992.47,45,2,43,0.9297,0.5322,0,0,Low
35679.51,24123.43,0.3239,23357.54,21,2,19,0.6878,0.6761,4,0,Medium
37755.35,37659.46,0.0025,5470.77,13,2,11,0.4398,0.9975,6,4,High
112368.17,54798.96,0.5123,298166.43,64,4,60,0.9664,0.4877,0,0,Low
30025.91,22813.86,0.2402,14442.27,41,1,40,0.4444,0.7598,1,0,Medium
68438.2,55862.03,0.1838,18992.47,15,1,14,0.5221,0.8162,1,0,Medium
19477.66,22462.62,-0.1533,3148.79,13,1,12,0.3613,1.1533,6,4,High
69190.37,54154.1,0.2173,31838.35,38,1,37,0.4243,0.7827,1,0,Medium
56438.77,38027.87,0.3262,20945.27,28,3,25,0.7119,0.6738,1,0,Medium
14112.5,12729.94,0.098,4849.48,40,2,38,0.4275,0.902,6,3,High
22597.82,22106.58,0.0217,522.39,31,2,29,0.3619,0.9783,6,6,High
29607.87,20507.72,0.3074,7405.96,36,2,34,0.6957,0.6926,1,0,Medium
63870.79,46187.26,0.2769,29945.96,40,1,39,0.4217,0.7231,1,0,Medium
29691.13,32051.44,-0.0795,6547.43,38,1,37,0.3977,1.0795,5,4,High
74563.96,59857.44,0.1972,19355.71,29,3,26,0.4442,0.8028,2,0,Medium
38752.12,30777.04,0.2058,23042.67,39,2,37,0.7196,0.7942,2,0,Medium
32520.03,22371.29,0.3121,9170.46,26,3,23,0.4527,0.6879,4,0,Medium
62625.3,49114.15,0.2157,36327.56,46,2,44,0.6655,0.7843,1,0,Medium
10297.93,11260.8,-0.0935,417.88,20,1,19,0.2185,1.0935,5,1,High
48189.83,40866.92,0.152,19451.43,39,2,37,0.4187,0.848,2,0,Medium
60482.5,41001.07,0.3221,19144.3,15,3,12,0.6102,0.6779,1,0,Medium
17457.43,20143.58,-0.1539,5768.6,46,1,45,0.1397,1.1539,2,5,High
26447.74,19219.47,0.2733,13822.84,16,2,14,0.5309,0.7267,4,0,Medium
125231.77,44785.58,0.6424,331889.75,44,4,40,0.9511,0.3576,0,0,Low
28466.05,33749.6,-0.1856,5963.91,22,1,21,0.362,1.1856,2,4,High
33686.73,23587.03,0.2998,21247.55,36,1,35,0.6182,0.7002,2,0,Medium
42547.84,29010.17,0.3182,23656.28,34,3,31,0.7286,0.6818,2,0,Medium
50775.84,34515.26,0.3202,18111.83,39,1,38,0.5605,0.6798,1,0,Medium
36935.26,26280.59,0.2885,16087.66,38,1,37,0.6041,0.7115,3,0,Medium
41827.01,46499.66,-0.1117,5316.43,12,1,11,0.1151,1.1117,3,5,High
46123.65,18655.52,0.5955,99147.05,52,2,50,0.8306,0.4045,0,0,Low
157712.53,71431.33,0.5471,345441.09,64,3,61,0.8068,0.4529,1,0,Low
39799.7,30573.71,0.2318,23408.38,26,1,25,0.4656,0.7682,3,0,Medium
56456.0,46331.47,0.1793,9446.91,17,2,15,0.5081,0.8207,1,0,Medium
60222.82,29495.01,0.5102,143182.03,64,4,60,0.9501,0.4898,0,0,Low
66905.28,46658.49,0.3026,45070.92,44,1,43,0.745,0.6974,3,1,Medium
38280.38,50504.52,-0.3193,6025.32,34,2,32,0.1951,1.3193,6,1,High
35365.2,41297.69,-0.1677,3504.06,54,2,52,0.4445,1.1677,2,4,High
73782.68,57203.53,0.2247,16573.7,21,3,18,0.7177,0.7753,4,0,Medium
33189.67,27317.35,0.1769,5914.79,43,3,40,0.5695,0.8231,2,0,Medium
21855.73,25171.32,-0.1517,6183.79,44,2,42,0.3588,1.1517,5,2,High
62702.41,49821.47,0.2054,31244.28,47,1,46,0.5859,0.7946,3,1,Medium
54617.3,36525.99,0.3312,10829.71,24,2,22,0.6502,0.6688,2,0,Medium
82961.44,33425.7,0.5971,79511.38,41,4,37,0.8677,0.4029,0,0,Low
50874.46,34538.57,0.3211,15738.03,31,2,29,0.6661,0.6789,3,0,Medium
69231.07,41980.57,0.3936,50179.87,38,3,35,0.9057,0.6064,1,0,Low
44662.87,33576.9,0.2482,22649.76,29,2,27,0.6887,0.7518,1,0,Medium
35257.3,31885.23,0.0956,6771.37,26,1,25,0.2061,0.9044,5,6,High
37909.16,34981.77,0.0772,5994.38,52,2,50,0.1362,0.9228,6,1,High
39309.92,46114.77,-0.1731,1429.57,43,2,41,0.3371,1.1731,2,5,High
65603.25,47340.48,0.2784,24334.43,31,2,29,0.6938,0.7216,2,0,Medium
136631.75,53851.18,0.6059,444482.33,22,5,17,0.9332,0.3941,0,0,Low
97030.54,33482.74,0.6549,115843.17,26,5,21,0.8464,0.3451,2,0,Low
34654.01,34198.07,0.0132,3559.95,28,2,26,0.2433,0.9868,6,3,High
155816.3,89276.98,0.427,237535.23,40,5,35,0.9458,0.573,0,0,Low
25160.75,27563.98,-0.0955,148.97,23,2,21,0.2259,1.0955,4,5,High
104998.96,43012.73,0.5904,229977.74,42,5,37,0.7805,0.4096,0,0,Low
150028.0,74417.41,0.504,472041.5,39,3,36,0.7777,0.496,2,0,Low
57154.75,35221.51,0.3838,110946.78,27,2,25,0.7587,0.6162,1,0,Low
127997.98,49521.78,0.6131,233833.18,50,2,48,0.8676,0.3869,0,0,Low
140071.35,86127.66,0.3851,211162.49,36,2,34,0.9733,0.6149,1,0,Low
26058.12,19459.55,0.2532,12532.01,19,2,17,0.5427,0.7468,1,0,Medium
16938.06,20292.15,-0.198,6797.61,28,1,27,0.2485,1.198,6,4,High
68813.5,51294.26,0.2546,24979.36,37,1,36,0.7292,0.7454,2,1,Medium
47400.78,32791.69,0.3082,26482.57,29,1,28,0.7436,0.6918,2,0,Medium
143717.47,62844.5,0.5627,402759.43,44,4,40,0.7737,0.4373,2,0,Low
147029.47,66326.28,0.5489,152155.48,33,4,29,0.925,0.4511,0,0,Low
23081.38,24011.92,-0.0403,5239.57,48,1,47,0.117,1.0403,5,6,High
61036.37,52069.43,0.1469,15957.83,36,2,34,0.5307,0.8531,1,0,Medium
52641.04,24787.07,0.5291,57799.02,36,2,34,0.8471,0.4709,0,0,Low
139066.21,78750.82,0.4337,294946.86,58,3,55,0.816,0.5663,0,0,Low
62616.4,46553.78,0.2565,39693.21,19,3,16,0.7147,0.7435,2,0,Medium
93931.73,38577.69,0.5893,163338.69,39,5,34,0.7592,0.4107,1,0,Low
67960.4,59114.94,0.1302,19042.06,18,2,16,0.4452,0.8698,1,1,Medium
40209.32,43115.95,-0.0723,4887.66,28,1,27,0.1449,1.0723,4,1,High
64595.75,54137.64,0.1619,44469.08,45,1,44,0.5592,0.8381,3,0,Medium
55814.15,23114.58,0.5859,157448.89,56,2,54,0.8218,0.4141,0,0,Low
67561.2,46537.93,0.3112,41865.56,40,1,39,0.6927,0.6888,2,0,Medium
150834.18,70386.14,0.5334,365953.76,53,4,49,0.7601,0.4666,0,0,Low
12316.46,12606.75,-0.0236,6187.42,24,2,22,0.4089,1.0236,3,1,High
121179.91,40949.22,0.6621,182845.68,46,3,43,0.9784,0.3379,0,0,Low
48456.88,34801.91,0.2818,14334.14,32,3,29,0.4572,0.7182,1,0,Medium
144826.52,80798.15,0.4421,421747.17,33,2,31,0.8242,0.5579,0,0,Low
23642.19,24670.71,-0.0435,2283.63,16,2,14,0.1182,1.0435,2,3,High
58490.44,19890.23,0.6599,153220.56,55,2,53,0.7961,0.3401,0,0,Low
54971.1,33346.27,0.3934,155210.83,50,2,48,0.9246,0.6066,1,0,Low
42045.9,32332.35,0.231,15860.09,39,3,36,0.5443,0.769,1,0,Medium
101617.43,49256.94,0.5153,317413.83,33,4,29,0.8437,0.4847,1,0,Low
25758.55,18815.41,0.2695,16082.94,22,3,19,0.4871,0.7305,4,0,Medium
33007.7,38024.21,-0.152,5194.62,42,1,41,0.4089,1.152,4,1,High
72270.66,62678.4,0.1327,35085.08,40,3,37,0.718,0.8673,2,0,Medium
34679.78,31484.17,0.0921,1439.49,31,1,30,0.4272,0.9079,2,2,High
34536.59,36308.16,-0.0513,2699.99,46,1,45,0.1001,1.0513,5,6,High
35260.14,43114.74,-0.2228,1990.89,20,1,19,0.2496,1.2228,6,3,High
158466.2,54765.69,0.6544,332285.68,41,5,36,0.9116,0.3456,0,0,Low
124567.95,63358.7,0.4914,165420.51,52,5,47,0.8046,0.5086,0,0,Low
36962.63,29001.56,0.2154,10757.13,38,3,35,0.6791,0.7846,2,0,Medium
65930.18,48145.16,0.2698,28803.55,19,2,17,0.7095,0.7302,1,0,Medium
35785.37,36316.38,-0.0148,3354.1,23,1,22,0.2537,1.0148,4,1,High
114930.1,57893.3,0.4963,258993.11,53,5,48,0.8759,0.5037,0,0,Low
57650.15,39771.75,0.3101,31628.77,42,3,39,0.4114,0.6899,3,0,Medium
41956.11,29510.78,0.2966,12417.06,15,3,12,0.4698,0.7034,1,0,Medium
38467.91,29556.15,0.2317,23898.55,40,1,39,0.6792,0.7683,3,0,Medium
107371.82,64903.38,0.3955,329853.6,47,2,45,0.9372,0.6045,0,0,Low
83053.27,26605.18,0.6797,130455.97,43,2,41,0.9178,0.3203,0,0,Low
93443.53,47055.99,0.4964,270969.83,46,4,42,0.8443,0.5036,1,0,Low
27703.55,22901.68,0.1733,11781.28,32,3,29,0.5694,0.8267,2,0,Medium
106074.81,60393.85,0.4306,246583.66,57,2,55,0.7742,0.5694,0,0,Low
71451.02,24191.99,0.6614,65411.19,56,4,52,0.8282,0.3386,1,0,Low
45975.44,37641.83,0.1813,28137.44,18,1,17,0.4577,0.8187,1,0,Medium
71212.54,31096.7,0.5633,212956.93,60,4,56,0.7516,0.4367,0,0,Low
30581.92,24507.23,0.1986,21369.49,30,2,28,0.5242,0.8014,2,0,Medium
25860.93,28025.86,-0.0837,2932.61,24,2,22,0.1477,1.0837,4,2,High
37041.29,29988.2,0.1904,11786.44,23,1,22,0.6169,0.8096,1,0,Medium
64279.81,47213.51,0.2655,12718.37,45,1,44,0.6786,0.7345,1,0,Medium
41991.72,42087.02,-0.0023,5366.82,47,1,46,0.1914,1.0023,5,5,High
74838.32,61040.84,0.1844,23048.08,22,3,19,0.4172,0.8156,1,1,Medium
40565.61,40584.66,-0.0005,2332.32,36,2,34,0.3019,1.0005,6,4,High
132518.21,62708.32,0.5268,450081.88,47,5,42,0.7913,0.4732,1,0,Low
26882.55,32030.57,-0.1915,1708.99,46,1,45,0.281,1.1915,2,2,High
32310.36,27099.57,0.1613,16871.0,47,2,45,0.5406,0.8387,2,0,Medium
44769.26,36726.19,0.1797,27964.44,20,2,18,0.5039,0.8203,2,0,Medium
28841.93,26853.05,0.069,3073.78,51,2,49,0.4455,0.931,3,2,High
150914.37,78818.13,0.4777,413678.47,36,3,33,0.9356,0.5223,0,0,Low
38960.85,29859.22,0.2336,9326.49,23,3,20,0.6981,0.7664,3,0,Medium
61153.41,44057.46,0.2796,18088.85,24,2,22,0.5847,0.7204,1,0,Medium
133165.46,46328.96,0.6521,251289.27,24,4,20,0.8041,0.3479,1,0,Low
93002.27,34510.77,0.6289,96315.29,63,5,58,0.9669,0.3711,0,0,Low
131453.8,49056.22,0.6268,444011.01,41,3,38,0.9063,0.3732,0,0,Low
159409.63,50770.34,0.6815,421813.6,28,4,24,0.805,0.3185,0,0,Low
27892.37,31275.17,-0.1213,1096.61,39,1,38,0.2169,1.1213,6,5,High
50149.52,27271.82,0.4562,168031.21,38,2,36,0.869,0.5438,0,0,Low
48984.18,33409.34,0.318,30684.91,38,3,35,0.5464,0.682,2,0,Medium
46449.86,22255.14,0.5209,101108.3,44,5,39,0.9548,0.4791,0,0,Low
71723.6,51166.21,0.2866,23862.08,22,1,21,0.7253,0.7134,1,0,Medium
129691.09,77684.63,0.401,426890.12,42,2,40,0.776,0.599,2,0,Low
64979.57,48220.17,0.2579,43597.01,20,3,17,0.6701,0.7421,2,1,Medium
38495.03,44341.24,-0.1519,5702.17,12,1,11,0.1664,1.1519,6,5,High
59853.33,36229.0,0.3947,143485.73,20,2,18,0.9241,0.6053,0,0,Low
71006.91,40545.94,0.429,134924.88,24,3,21,0.9028,0.571,0,0,Low
133037.88,39911.86,0.7,248299.81,25,2,23,0.9163,0.3,0,0,Low
58443.27,35109.58,0.3993,143629.17,27,3,24,0.782,0.6007,1,0,Low
34074.73,44615.13,-0.3093,3923.47,41,1,40,0.3674,1.3093,3,3,High
38846.3,44534.08,-0.1464,6092.49,23,1,22,0.3916,1.1464,2,1,High
31699.92,34256.13,-0.0806,4857.79,47,1,46,0.197,1.0806,2,5,High
57471.22,43279.26,0.2469,24042.8,44,2,42,0.5256,0.7531,4,0,Medium
34632.71,39766.1,-0.1482,6191.57,54,2,52,0.2812,1.1482,3,2,High
